Date,Open,High,Low,Close,Volume
2016/09/28,209.21,229.95,213.27,228.6,4437.0
2016/09/29,234.46,252.95,234.46,252.95,50.0
2016/10/02,257.91,278.2,257.91,278.2,469.0
2016/10/03,283.61,305.7,283.61,305.7,420.0
2016/10/04,311.56,335.91,311.56,335.91,3322.0
2016/10/05,342.22,369.28,340.42,354.85,381177.0
2016/10/06,352.14,358.01,349.44,351.69,178136.0
2016/10/16,350.79,351.69,340.42,344.48,58598.0
2016/10/17,347.18,347.18,331.85,339.07,75678.0
2016/10/18,322.39,339.52,322.39,333.66,51936.0
2016/10/19,338.17,338.62,331.4,332.76,34634.0
2016/10/20,333.66,335.46,333.21,334.11,40919.0
2016/10/23,338.17,338.17,325.99,329.15,48414.0
2016/10/24,328.25,328.25,321.48,324.19,35840.0
2016/10/25,322.39,329.15,318.33,324.64,39244.0
2016/10/26,323.74,324.64,318.78,323.74,36563.0
2016/10/27,324.64,328.7,321.93,324.19,45651.0
2016/11/03,324.64,324.64,320.13,321.48,22970.0
2016/11/07,321.48,321.93,317.88,318.33,49484.0
2016/11/08,318.78,318.78,311.56,315.62,53317.0
2016/11/09,313.37,315.62,300.29,310.21,42648.0
2016/11/10,309.31,312.47,302.1,310.21,63495.0
2016/11/13,310.21,310.21,300.29,304.8,42870.0
2016/11/14,300.29,317.88,300.29,314.72,60427.0
2016/11/15,315.62,320.13,312.01,314.72,66240.0
2016/11/16,315.62,315.62,311.11,311.56,19983.0
2016/11/17,311.11,311.11,297.59,304.35,53578.0
2016/11/20,310.21,310.21,287.67,295.33,77691.0
2016/11/21,291.72,301.64,284.51,296.68,67806.0
2016/11/22,290.82,297.14,277.3,290.37,58544.0
2016/11/23,291.72,293.08,279.55,284.06,77629.0
2016/11/24,289.47,294.88,279.55,283.61,63443.0
2016/11/27,280.45,286.31,275.49,278.2,73178.0
2016/11/28,275.04,293.08,268.28,291.27,109608.0
2016/11/29,291.27,296.68,274.59,293.53,96962.0
2016/11/30,295.33,304.35,293.98,301.64,90494.0
2016/12/01,307.51,307.51,294.88,301.64,66851.0
2016/12/04,307.05,307.05,292.63,297.59,40874.0
2016/12/05,297.59,297.59,291.27,294.43,45679.0
2016/12/06,294.43,302.1,291.72,297.59,38914.0
2016/12/07,303.45,303.45,285.41,296.68,31067.0
2016/12/08,296.68,296.68,293.08,295.78,20692.0
2016/12/11,296.68,296.68,288.57,289.02,34307.0
2016/12/12,292.18,292.18,279.55,287.22,26635.0
2016/12/14,288.57,290.82,286.31,288.12,25739.0
2016/12/15,288.12,293.53,286.31,292.18,27803.0
2016/12/18,293.08,293.08,287.67,291.27,41502.0
2016/12/19,286.76,293.08,286.76,289.92,34377.0
2016/12/20,288.57,288.57,281.81,281.81,25930.0
2016/12/21,281.81,282.71,279.55,280.0,29990.0
2016/12/22,277.3,282.26,277.3,279.55,19840.0
2016/12/26,277.3,277.3,270.53,271.89,55924.0
2016/12/27,273.69,274.59,260.61,268.28,43724.0
2016/12/28,268.28,273.69,266.93,270.53,29792.0
2016/12/29,268.73,281.81,268.73,277.3,42205.0
2017/01/01,281.81,284.51,279.55,281.81,29831.0
2017/01/02,286.76,288.57,280.9,281.81,37538.0
2017/01/03,281.81,282.71,275.04,275.94,25697.0
2017/01/04,275.04,278.65,270.53,276.85,16585.0
2017/01/05,274.14,284.96,271.89,275.94,21291.0
2017/01/08,273.24,276.85,273.24,276.39,149829.0
2017/01/09,277.75,277.75,275.04,277.75,14193.0
2017/01/10,278.2,282.26,278.2,280.0,16048.0
2017/01/11,280.0,282.26,279.1,279.1,11953.0
2017/01/12,277.3,279.55,276.85,276.85,11035.0
2017/01/15,277.3,277.75,275.04,275.94,10360.0
2017/01/16,275.94,276.39,274.14,274.59,7024.0
2017/01/17,274.14,275.49,270.53,275.04,19781.0
2017/01/18,275.04,276.39,274.14,275.49,11726.0
2017/01/19,270.98,275.49,270.98,274.59,9518.0
2017/01/22,275.49,275.49,272.79,273.24,12086.0
2017/01/23,273.69,273.69,270.53,271.89,17889.0
2017/01/24,271.89,271.89,266.02,268.73,21459.0
2017/01/25,268.73,268.73,260.61,263.77,18628.0
2017/01/26,261.52,263.77,254.75,257.01,32501.0
2017/01/30,258.36,258.36,242.13,243.48,37872.0
2017/01/31,238.97,252.5,229.95,245.73,16759.0
2017/02/01,250.24,258.36,247.09,258.36,24179.0
2017/02/02,263.32,268.28,252.5,257.01,28786.0
2017/02/05,254.75,254.75,249.34,251.6,8133.0
2017/02/06,247.99,252.95,245.28,247.99,12842.0
2017/02/07,247.99,247.99,240.77,247.09,7990.0
2017/02/08,246.19,247.99,241.23,243.93,15736.0
2017/02/09,243.03,243.48,236.72,237.17,24053.0
2017/02/12,234.46,236.72,225.44,229.05,25795.0
2017/02/13,225.44,237.62,220.94,236.72,52492.0
2017/02/14,236.27,238.07,230.85,234.01,26751.0
2017/02/15,238.07,239.42,231.31,239.42,39286.0
2017/02/16,243.03,246.19,237.17,246.19,75166.0
2017/02/19,250.69,251.6,243.03,247.09,57690.0
2017/02/20,247.09,252.05,245.28,246.19,58284.0
2017/02/21,250.69,254.3,243.03,243.03,43351.0
2017/02/22,243.03,245.73,238.97,239.42,27687.0
2017/02/23,240.32,241.68,238.52,238.52,87307.0
2017/02/26,238.47,236.26,226.27,228.49,21747.0
2017/02/28,224.06,228.49,222.39,226.83,13178.0
2017/03/01,227.38,230.71,226.83,230.16,8384.0
2017/03/02,230.16,231.82,229.05,231.27,8740.0
2017/03/05,230.16,232.93,227.38,231.82,15674.0
2017/03/06,231.27,241.25,231.27,234.59,12979.0
2017/03/07,234.59,234.59,230.16,230.71,8537.0
2017/03/09,230.16,233.48,230.16,230.16,4446.0
2017/03/13,234.59,234.59,230.16,231.27,2969.0
2017/03/14,230.16,231.82,226.83,226.83,13746.0
2017/03/15,225.72,228.49,225.16,226.83,8811.0
2017/03/16,229.05,231.27,226.83,227.94,16417.0
2017/03/19,227.94,230.16,226.83,230.16,22955.0
2017/03/20,231.27,242.91,231.27,240.69,24270.0
2017/03/21,241.25,246.79,236.81,246.79,27748.0
2017/03/22,251.23,256.22,241.25,244.02,31982.0
2017/03/23,245.13,251.79,241.25,249.57,23724.0
2017/03/26,249.57,263.43,247.35,257.89,34806.0
2017/03/28,257.89,276.19,255.11,271.75,54876.0
2017/03/29,271.75,286.17,262.88,262.88,59171.0
2017/03/30,262.88,268.98,256.78,260.66,30548.0
2017/04/02,265.65,282.84,265.65,282.84,46216.0
2017/04/03,288.39,310.57,274.52,280.07,72939.0
2017/04/04,280.07,283.4,275.08,277.3,39066.0
2017/04/06,277.3,281.73,272.3,277.3,39265.0
2017/04/09,282.84,291.16,279.51,286.17,40237.0
2017/04/10,282.84,300.03,282.84,293.93,67764.0
2017/04/11,299.48,309.46,296.15,303.36,56543.0
2017/04/12,307.8,308.91,293.93,299.48,38975.0
2017/04/13,288.39,298.93,282.84,293.38,32412.0
2017/04/16,293.93,293.93,282.84,284.51,43820.0
2017/04/18,280.07,288.39,275.08,280.07,29882.0
2017/04/19,280.07,291.16,280.07,291.16,21860.0
2017/04/20,296.71,296.71,285.62,289.5,43532.0
2017/04/23,295.04,312.24,292.82,294.49,47046.0
2017/04/24,293.93,293.93,285.62,286.17,29763.0
2017/04/25,283.4,288.39,281.73,283.4,36694.0
2017/04/26,283.4,284.51,279.51,282.84,31274.0
2017/04/27,282.84,288.39,279.51,281.73,22245.0
2017/04/30,285.06,285.06,279.51,282.84,16811.0
2017/05/02,280.62,283.95,277.3,282.84,33513.0
2017/05/03,282.84,290.61,280.07,281.73,20443.0
2017/05/04,283.95,283.95,277.85,278.96,17748.0
2017/05/07,277.3,277.3,271.75,276.19,25421.0
2017/05/08,271.75,278.96,271.75,273.41,16141.0
2017/05/09,273.41,278.41,273.97,275.63,20264.0
2017/05/11,280.62,280.62,276.19,278.41,24585.0
2017/05/15,283.95,283.95,277.3,278.96,5764.0
2017/05/16,279.51,279.51,273.97,276.19,10804.0
2017/05/17,277.85,277.85,272.86,273.97,7338.0
2017/05/18,273.41,273.41,268.98,272.86,12584.0
2017/05/21,267.87,271.75,266.2,267.31,15327.0
2017/05/22,266.2,276.19,252.34,276.19,77897.0
2017/05/23,273.41,276.19,268.98,272.86,16724.0
2017/05/24,272.86,271.75,267.87,271.75,8857.0
2017/05/28,268.98,268.98,264.54,266.2,29795.0
2017/05/30,266.2,266.2,260.66,261.21,34372.0
2017/05/31,261.21,266.2,255.11,260.66,61568.0
2017/06/01,265.65,265.65,257.89,260.66,51745.0
2017/06/04,265.65,265.65,255.11,257.89,25983.0
2017/06/05,254.0,265.65,254.0,261.77,36567.0
2017/06/06,263.43,271.75,258.44,271.75,29021.0
2017/06/07,270.64,274.52,260.66,264.54,32131.0
2017/06/08,264.54,265.65,262.32,262.32,12984.0
2017/06/11,260.66,260.66,253.45,256.78,15500.0
2017/06/12,255.11,259.55,250.68,255.11,16267.0
2017/06/13,256.22,260.66,255.67,260.1,11297.0
2017/06/14,257.89,262.32,255.11,261.21,17376.0
2017/06/15,261.77,263.99,256.78,256.78,13300.0
2017/06/18,256.78,258.99,252.89,257.33,12812.0
2017/06/19,255.11,255.11,251.23,252.89,24698.0
2017/06/20,249.57,255.11,246.79,251.79,24078.0
2017/06/21,247.35,251.79,246.79,251.23,19146.0
2017/06/22,252.34,255.11,251.23,251.23,7694.0
2017/06/25,250.68,255.67,250.68,253.45,14073.0
2017/06/27,255.67,257.89,251.23,252.34,14092.0
2017/06/28,250.68,254.0,250.68,252.89,11217.0
2017/07/02,252.89,252.89,245.68,248.46,17371.0
2017/07/03,249.57,252.89,249.57,252.34,16608.0
2017/07/04,252.34,252.34,248.46,249.57,9075.0
2017/07/05,249.57,249.57,245.68,249.57,16520.0
2017/07/06,250.68,256.78,250.68,256.78,27679.0
2017/07/09,256.78,263.43,250.68,254.0,32270.0
2017/07/10,255.67,258.99,253.45,255.67,14147.0
2017/07/11,254.56,257.89,253.45,256.22,12872.0
2017/07/12,256.78,259.55,256.22,256.78,9652.0
2017/07/13,255.67,257.89,255.11,256.22,11332.0
2017/07/16,252.89,257.33,252.89,256.22,7342.0
2017/07/17,261.21,261.77,256.22,260.66,15778.0
2017/07/18,262.32,263.99,258.99,263.99,29290.0
2017/07/19,266.2,266.2,257.89,260.66,23422.0
2017/07/20,261.77,266.2,261.77,261.77,14142.0
2017/07/23,261.77,261.77,257.33,257.89,15817.0
2017/07/24,256.22,257.89,255.11,255.67,14829.0
2017/07/25,250.68,260.66,250.68,254.56,26374.0
2017/07/26,257.89,260.66,252.34,254.0,23893.0
2017/07/27,255.67,268.42,255.67,268.42,43141.0
2017/07/30,268.42,278.96,262.32,273.97,85128.0
2017/07/31,276.19,278.96,268.98,270.09,53248.0
2017/08/01,271.75,271.75,266.76,268.42,14489.0
2017/08/02,268.98,268.98,265.65,268.98,14875.0
2017/08/03,268.98,273.97,266.2,268.98,23051.0
2017/08/06,263.99,271.2,263.99,269.53,20499.0
2017/08/07,269.53,271.75,268.98,270.64,21021.0
2017/08/09,272.86,272.86,266.2,268.42,19588.0
2017/08/10,268.98,268.98,263.43,263.99,13119.0
2017/08/13,268.98,277.3,265.65,266.76,34530.0
2017/08/15,266.2,266.2,262.88,263.43,27295.0
2017/08/16,259.55,266.2,259.55,264.54,14726.0
2017/08/17,263.99,266.2,262.88,265.1,8530.0
2017/08/20,266.2,266.2,256.78,257.89,18926.0
2017/08/21,257.89,257.89,252.89,256.22,5894.0
2017/08/22,255.11,260.1,253.45,258.99,9914.0
2017/08/23,260.66,261.21,255.11,255.11,16701.0
2017/08/24,255.11,257.89,254.0,256.22,9422.0
2017/08/27,256.22,257.89,254.0,254.0,12806.0
2017/08/28,255.11,255.11,249.57,251.23,20395.0
2017/08/30,251.79,252.34,245.13,246.79,28917.0
2017/08/31,246.79,246.79,241.25,241.25,24713.0
2017/09/04,237.37,241.25,234.59,235.15,32246.0
2017/09/06,239.58,244.02,235.7,241.25,15314.0
2017/09/07,241.25,241.25,236.26,237.37,11484.0
2017/09/10,237.37,237.37,232.93,232.93,15342.0
2017/09/11,230.16,238.47,230.16,232.93,11686.0
2017/09/12,233.48,234.04,230.71,234.04,14092.0
2017/09/13,230.16,234.04,230.16,232.37,18376.0
2017/09/14,232.93,240.69,232.93,240.14,12294.0
2017/09/17,241.25,244.02,236.26,244.02,15457.0
2017/09/18,244.02,248.46,242.91,245.68,11810.0
2017/09/20,250.12,250.12,235.7,242.91,11701.0
2017/09/24,246.79,246.79,240.14,241.25,15164.0
2017/09/25,236.81,243.47,236.81,243.47,9113.0
2017/09/26,245.68,245.68,240.14,240.69,12120.0
2017/10/03,240.69,241.8,236.26,240.69,4001.0
2017/10/04,241.8,241.8,239.03,240.69,7230.0
2017/10/08,238.47,238.47,232.37,236.26,19432.0
2017/10/09,235.7,235.7,232.93,235.7,7869.0
2017/10/10,232.93,237.92,232.93,235.7,15622.0
2017/10/11,233.48,236.26,233.48,235.15,12823.0
2017/10/12,236.26,236.26,232.93,235.15,8288.0
2017/10/15,236.26,240.69,235.7,239.58,6175.0
2017/10/16,239.58,248.46,238.47,248.46,252428.0
2017/10/17,246.79,249.57,242.36,245.68,12280.0
2017/10/18,245.68,250.68,245.13,249.57,11979.0
2017/10/22,249.57,254.0,247.9,247.9,8055.0
2017/10/23,247.9,250.68,246.79,249.01,22132.0
2017/10/24,249.01,250.68,249.01,249.01,11336.0
2017/10/25,247.35,248.46,245.13,246.24,5196.0
2017/10/29,245.13,246.79,243.47,244.02,11166.0
2017/10/30,244.58,246.79,244.02,244.02,7113.0
2017/10/31,244.58,245.13,242.91,242.91,7396.0
2017/11/01,244.02,244.02,240.14,241.8,5652.0
2017/11/02,241.25,241.8,238.47,241.25,8399.0
2017/11/05,240.14,240.14,229.05,230.71,28314.0
2017/11/06,230.16,239.03,226.27,229.6,10803.0
2017/11/07,234.04,234.04,229.6,229.6,15411.0
2017/11/08,229.6,229.6,224.61,227.38,20047.0
2017/11/09,224.61,227.38,221.84,224.06,37712.0
2017/11/12,224.06,226.27,221.84,226.27,25785.0
2017/11/13,229.6,229.6,226.27,229.6,11555.0
2017/11/14,230.71,234.04,229.05,232.37,11146.0
2017/11/15,234.04,234.04,229.05,229.05,13502.0
2017/11/16,226.83,229.05,224.06,224.06,15242.0
2017/11/19,224.06,225.72,222.39,222.95,17641.0
2017/11/20,223.5,224.06,221.84,224.06,31209.0
2017/11/21,227.38,227.38,222.95,223.5,16320.0
2017/11/22,224.61,227.94,223.5,225.16,15434.0
2017/11/23,225.16,227.94,225.16,226.27,17588.0
2017/11/26,226.27,228.49,225.16,227.94,15240.0
2017/11/27,227.38,230.16,226.83,226.83,13278.0
2017/11/28,225.72,227.94,225.72,227.38,13219.0
2017/11/29,227.38,234.59,227.38,230.71,23393.0
2017/11/30,227.94,231.82,227.38,228.49,6918.0
2017/12/04,229.6,231.27,227.38,227.94,11894.0
2017/12/05,227.38,227.38,225.16,226.83,12503.0
2017/12/06,227.38,231.82,227.38,231.82,10398.0
2017/12/10,232.93,240.14,228.49,229.05,12203.0
2017/12/11,230.16,230.16,224.61,227.38,18191.0
2017/12/12,227.38,227.38,225.16,225.72,10993.0
2017/12/13,221.84,230.71,221.84,228.49,10074.0
2017/12/14,230.16,230.16,227.38,227.38,2838.0
2017/12/17,227.38,229.6,226.83,229.05,20124.0
2017/12/18,227.94,231.82,227.94,231.27,24285.0
2017/12/19,232.93,232.93,229.6,229.6,8516.0
2017/12/20,227.38,234.59,227.38,233.48,40474.0
2017/12/21,236.26,236.26,231.27,231.82,27398.0
2017/12/24,232.93,232.93,230.16,230.16,15142.0
2017/12/26,228.49,229.6,227.38,227.38,13819.0
2017/12/27,224.06,227.38,219.06,224.61,20576.0
2017/12/28,220.17,227.38,220.17,222.95,23512.0
2017/12/31,221.84,223.5,220.17,222.39,22108.0
2018/01/01,224.61,227.38,223.5,226.83,18032.0
2018/01/02,227.38,230.16,224.61,225.72,24488.0
2018/01/03,223.5,225.72,222.39,222.95,18022.0
2018/01/04,223.5,225.72,222.39,224.61,17768.0
2018/01/07,224.61,226.83,224.61,224.61,10670.0
2018/01/08,226.83,226.83,224.06,225.72,24371.0
2018/01/09,224.61,227.38,224.61,226.83,15188.0
2018/01/10,226.27,230.71,225.72,229.6,21984.0
2018/01/14,227.38,230.16,226.27,227.38,11021.0
2018/01/16,226.27,226.83,224.61,225.16,10370.0
2018/01/17,222.95,226.83,222.39,225.72,9587.0
2018/01/21,226.27,226.27,222.95,223.5,14651.0
2018/01/22,223.5,224.61,223.5,224.61,9353.0
2018/01/23,222.39,224.06,222.39,222.95,7910.0
2018/01/24,222.95,223.5,222.39,222.95,8308.0
2018/01/25,225.72,225.72,221.84,222.95,15710.0
2018/01/28,222.95,224.61,221.84,222.39,12547.0
2018/01/29,221.84,221.84,218.51,220.17,13014.0
2018/01/31,221.28,222.95,216.85,218.51,10468.0
2018/02/01,218.51,221.28,216.85,217.95,22218.0
2018/02/04,219.62,219.62,216.29,216.29,14249.0
2018/02/05,216.85,216.85,214.07,215.74,7735.0
2018/02/06,214.63,214.63,212.41,213.52,17852.0
2018/02/07,212.96,213.52,209.64,210.19,13312.0
2018/02/08,210.19,212.41,208.53,210.75,13774.0
2018/02/11,210.75,210.75,207.97,208.53,8481.0
2018/02/12,206.31,209.08,205.2,207.97,11942.0
2018/02/14,207.42,208.53,206.31,208.53,12203.0
2018/02/15,210.75,216.85,209.08,216.85,37572.0
2018/02/18,216.85,221.84,212.96,214.63,24095.0
2018/02/20,218.51,219.62,209.64,209.64,15358.0
2018/02/21,209.08,209.64,205.2,205.2,31726.0
2018/02/22,204.09,208.53,204.09,207.97,14138.0
2018/02/25,207.97,208.53,206.86,206.86,8238.0
2018/02/26,205.2,205.75,204.64,205.2,14415.0
2018/02/27,205.2,209.08,205.2,205.2,14315.0
2018/02/28,205.2,205.2,202.43,202.98,20063.0
2018/03/04,204.09,204.09,195.22,199.65,16285.0
2018/03/06,196.88,200.76,193.0,198.54,23924.0
2018/03/07,201.87,205.2,200.76,205.2,14659.0
2018/03/11,205.2,209.08,196.88,197.99,11472.0
2018/03/12,197.99,201.87,196.33,198.54,7507.0
2018/03/13,199.65,200.76,198.54,200.76,7335.0
2018/03/14,200.21,201.87,200.21,201.32,4636.0
2018/03/15,201.87,202.43,201.32,201.32,8801.0
2018/03/18,200.76,201.87,200.21,200.21,9424.0
2018/03/19,200.76,200.76,196.88,196.88,5554.0
2018/03/20,194.11,196.88,194.11,196.88,11647.0
2018/03/21,195.77,195.77,190.23,190.78,13930.0
2018/03/22,190.78,194.11,183.57,188.56,13659.0
2018/03/26,185.23,185.23,170.81,171.92,45346.0
2018/03/27,169.15,178.58,163.05,175.25,24965.0
2018/03/28,177.47,178.58,168.6,171.92,22860.0
2018/03/29,171.92,177.47,170.26,175.81,23880.0
2018/04/01,175.81,175.81,170.81,172.48,15133.0
2018/04/02,172.48,176.36,171.37,173.59,6123.0
2018/04/03,172.48,175.25,171.92,175.25,7698.0
2018/04/04,176.36,178.58,175.81,178.02,10372.0
2018/04/05,181.35,183.02,177.47,180.24,18275.0
2018/04/08,183.57,189.67,182.46,187.45,22524.0
2018/04/09,191.33,191.33,184.68,185.79,17989.0
2018/04/10,185.79,186.34,182.46,182.46,13447.0
2018/04/11,182.46,185.23,180.24,185.23,6439.0
2018/04/12,188.56,188.56,184.68,185.79,6179.0
2018/04/15,185.23,185.23,178.02,183.57,8017.0
2018/04/16,186.9,186.9,184.12,185.79,7165.0
2018/04/17,185.79,188.56,184.12,186.34,9010.0
2018/04/18,188.01,202.98,185.79,194.11,16440.0
2018/04/19,197.99,200.21,194.11,197.43,30277.0
2018/04/22,197.43,203.54,196.33,202.43,30818.0
2018/04/23,198.54,204.09,195.77,198.54,31536.0
2018/04/24,195.77,200.76,194.66,195.77,10130.0
2018/04/25,195.77,196.33,193.0,193.55,10398.0
2018/04/26,195.22,195.22,189.12,189.67,8851.0
2018/04/29,188.56,189.67,185.23,186.9,9756.0
2018/05/02,185.79,189.12,183.02,188.56,5713.0
2018/05/03,189.12,189.67,186.34,188.01,14024.0
2018/05/06,188.56,188.56,184.68,185.79,11605.0
2018/05/07,185.23,185.23,183.02,184.12,3275.0
2018/05/08,184.12,185.79,183.02,185.79,3816.0
2018/05/09,185.79,187.45,184.68,185.23,7303.0
2018/05/10,185.23,188.56,185.23,185.79,9607.0
2018/05/14,185.23,185.79,182.46,183.57,8533.0
2018/05/15,183.57,185.79,181.35,185.23,5505.0
2018/05/16,185.79,185.79,181.91,181.91,4255.0
2018/05/17,185.23,185.23,183.02,183.57,3940.0
2018/05/20,185.79,186.9,180.8,183.02,10862.0
2018/05/21,181.91,183.02,181.35,183.02,4287.0
2018/05/22,180.24,181.91,180.24,180.8,6847.0
2018/05/23,180.24,182.46,180.24,180.24,3766.0
2018/05/24,180.24,181.91,179.69,180.24,6171.0
2018/05/27,179.69,180.24,176.36,180.24,11629.0
2018/05/28,180.24,183.02,177.47,183.02,10704.0
2018/05/29,183.02,183.02,180.24,180.24,3852.0
2018/05/30,183.57,185.79,180.8,181.91,3710.0
2018/05/31,181.91,182.46,178.02,178.58,10250.0
2018/06/03,174.7,177.47,172.48,172.48,13386.0
2018/06/04,171.92,176.36,171.92,174.7,6354.0
2018/06/06,175.25,181.35,174.7,174.7,2447.0
2018/06/07,174.7,174.7,171.37,173.03,10336.0
2018/06/10,171.92,171.92,168.6,168.6,14684.0
2018/06/11,169.71,175.25,166.93,171.92,13964.0
2018/06/12,169.71,175.25,169.71,172.48,6118.0
2018/06/13,175.25,175.25,171.37,174.14,9684.0
2018/06/14,177.47,177.47,174.7,174.7,6050.0
2018/06/17,177.47,180.24,171.92,173.03,3120.0
2018/06/18,176.36,179.13,171.92,175.81,5328.0
2018/06/19,176.36,176.92,171.92,171.92,10548.0
2018/06/20,174.7,174.7,168.04,172.48,5674.0
2018/06/21,175.25,175.25,167.49,170.81,16307.0
2018/06/24,168.95,169.58,163.3,168.32,9997.0
2018/06/25,166.44,167.07,163.93,163.93,1957.0
2018/06/26,166.44,166.44,159.53,160.79,11032.0
2018/06/27,163.93,169.58,160.79,163.3,3525.0
2018/06/28,163.3,166.44,160.79,160.79,4864.0
2018/07/01,165.18,165.18,160.79,162.04,4891.0
2018/07/02,159.53,160.16,157.02,157.65,16840.0
2018/07/03,158.28,163.93,157.02,161.42,15291.0
2018/07/04,164.56,164.56,158.9,159.53,7003.0
2018/07/05,160.79,163.93,158.9,163.93,11996.0
2018/07/08,165.81,170.21,163.3,167.07,10890.0
2018/07/09,167.07,167.07,163.3,163.93,5317.0
2018/07/10,163.3,169.58,162.04,165.81,8993.0
2018/07/11,168.95,168.95,163.3,164.56,6143.0
2018/07/12,163.3,169.58,158.9,160.16,5750.0
2018/07/15,160.79,165.18,160.79,164.56,2133.0
2018/07/16,165.18,166.44,163.3,165.18,3886.0
2018/07/17,163.93,165.81,162.67,163.93,3971.0
2018/07/18,163.3,166.44,162.04,162.04,4430.0
2018/07/19,161.42,163.93,161.42,162.04,5423.0
2018/07/22,161.42,164.56,160.16,162.04,5692.0
2018/07/23,165.18,165.18,162.04,162.04,9248.0
2018/07/24,165.18,168.32,163.93,165.81,8752.0
2018/07/25,168.32,168.95,162.67,163.93,7514.0
2018/07/26,163.93,167.07,162.67,163.3,2422.0
2018/07/29,161.42,162.67,160.79,162.04,8689.0
2018/07/30,165.18,166.44,163.3,163.3,3373.0
2018/07/31,166.44,168.32,162.04,162.04,5403.0
2018/08/01,165.18,165.18,160.79,162.04,4891.0
2018/08/02,165.18,166.44,161.42,162.04,9139.0
2018/08/05,162.67,165.18,160.16,163.3,8220.0
2018/08/06,165.81,165.81,162.67,163.93,2903.0
2018/08/07,168.32,171.46,162.67,164.56,12045.0
2018/08/08,165.18,165.18,162.67,165.18,4965.0
2018/08/09,168.32,168.32,162.04,164.56,4086.0
2018/08/12,162.67,164.56,157.02,157.02,13548.0
2018/08/13,160.16,163.93,158.9,161.42,4578.0
2018/08/14,167.07,167.07,162.04,164.56,5035.0
2018/08/15,167.7,172.72,164.56,170.21,28584.0
2018/08/16,172.72,175.86,167.7,172.72,29939.0
2018/08/19,174.61,177.75,172.09,172.09,12822.0
2018/08/20,170.21,172.09,170.21,171.46,3642.0
2018/08/21,171.46,172.72,171.46,172.09,12342.0
2018/08/22,175.23,175.23,169.58,172.72,23218.0
2018/08/23,172.72,175.23,172.72,175.23,14168.0
2018/08/26,172.72,182.14,172.72,182.14,18936.0
2018/08/28,181.51,182.14,178.37,182.14,13833.0
2018/08/29,181.51,182.14,179.63,180.89,9016.0
2018/08/30,180.89,182.77,180.26,181.51,8941.0
2018/09/02,184.65,187.17,181.51,186.54,13889.0
2018/09/03,189.68,191.56,186.54,189.68,23008.0
2018/09/04,189.68,191.56,185.91,189.68,29560.0
2018/09/05,193.45,198.47,189.68,194.7,43286.0
2018/09/06,197.84,201.61,193.45,194.7,35836.0
2018/09/09,197.84,197.84,190.31,190.94,9590.0
2018/09/10,194.08,194.08,188.42,189.05,14283.0
2018/09/11,192.82,196.59,190.94,192.19,6241.0
2018/09/12,195.96,195.96,191.56,195.33,6503.0
2018/09/13,199.1,200.98,195.33,199.1,23012.0
2018/09/16,200.98,215.43,200.98,207.27,40118.0
2018/09/17,211.03,211.03,202.87,204.12,19145.0
2018/09/18,207.27,207.27,202.24,202.24,7109.0
2018/09/20,202.24,202.24,199.73,200.36,13058.0
2018/09/23,199.73,204.12,199.73,204.12,13066.0
2018/09/25,202.24,219.83,202.24,212.92,31805.0
2018/09/26,217.94,217.94,208.52,211.66,21958.0
2018/09/27,214.17,214.17,207.27,208.52,11168.0
2018/09/30,207.27,208.52,204.75,207.89,8625.0
2018/10/01,206.01,206.01,200.98,201.61,14419.0
2018/10/02,201.61,205.38,201.61,202.87,10527.0
2018/10/03,202.87,202.87,199.1,199.1,9879.0
2018/10/04,197.84,200.98,195.96,197.84,12042.0
2018/10/07,196.59,199.1,191.56,197.22,10935.0
2018/10/08,195.33,199.1,195.33,199.1,14180.0
2018/10/09,199.73,200.98,198.47,199.1,12556.0
2018/10/10,195.96,199.1,195.96,198.47,9261.0
2018/10/11,197.84,204.75,197.22,204.75,14521.0
2018/10/14,204.12,208.52,202.24,206.64,13392.0
2018/10/15,205.38,208.52,205.38,205.38,18388.0
2018/10/21,204.12,207.27,204.12,206.01,2778.0
2018/10/22,206.01,209.15,204.12,207.89,4012.0
2018/10/23,206.64,207.27,203.5,206.64,13199.0
2018/10/24,206.64,208.52,204.12,207.27,11453.0
2018/10/25,207.27,207.89,206.01,206.01,15684.0
2018/10/28,206.01,206.64,200.36,200.98,15715.0
2018/10/29,197.84,200.36,194.08,199.1,19710.0
2018/10/30,195.33,201.61,192.19,200.98,19728.0
2018/10/31,199.73,200.98,198.47,199.1,7560.0
2018/11/01,198.47,202.87,197.84,199.1,24143.0
2018/11/04,195.96,199.1,195.96,197.22,9573.0
2018/11/05,199.1,202.87,197.84,199.1,6199.0
2018/11/14,198.47,201.61,197.84,200.98,4646.0
2018/11/15,200.98,200.98,197.84,197.84,7358.0
2018/11/18,197.84,199.1,197.22,197.84,2737.0
2018/11/19,197.84,197.84,195.96,195.96,10300.0
2018/11/20,195.96,197.84,192.82,194.7,24373.0
2018/11/21,194.7,196.59,194.7,195.96,9576.0
2018/11/22,195.96,196.59,194.7,194.7,11355.0
2018/11/25,194.7,194.7,191.56,192.82,9974.0
2018/11/26,192.82,194.7,191.56,192.19,10122.0
2018/11/27,192.19,193.45,192.19,193.45,15856.0
2018/11/28,193.45,193.45,191.56,192.82,10685.0
2018/11/29,192.82,192.82,190.31,190.94,11066.0
2018/12/02,190.94,190.94,188.42,189.68,13229.0
2018/12/03,189.68,194.08,189.68,189.68,10507.0
2018/12/04,189.68,199.73,189.68,193.45,8136.0
2018/12/06,189.05,191.56,187.17,191.56,12994.0
2018/12/09,191.56,193.45,189.68,193.45,7850.0
2018/12/10,193.45,197.22,193.45,194.08,9130.0
2018/12/11,194.08,195.96,192.82,193.45,3618.0
2018/12/12,193.45,193.45,191.56,192.19,4155.0
2018/12/13,192.19,195.96,192.19,194.08,9523.0
2018/12/16,194.08,206.01,194.08,204.12,75679.0
2018/12/17,204.12,207.89,204.12,207.89,21560.0
2018/12/18,207.89,211.03,203.5,206.01,24947.0
2018/12/19,206.01,207.27,202.24,204.75,15192.0
2018/12/20,204.75,207.89,204.75,206.01,10306.0
2018/12/23,206.01,213.55,206.01,211.03,41879.0
2018/12/24,211.03,212.29,207.27,208.52,28890.0
2018/12/25,208.52,209.15,207.27,207.89,13759.0
2018/12/26,207.89,212.92,207.89,210.41,37681.0
2018/12/27,210.41,216.69,209.78,209.78,29160.0
2018/12/30,209.78,212.92,208.52,209.78,25365.0
2018/12/31,209.78,213.55,206.01,208.52,13503.0
2019/01/01,208.52,209.15,207.27,207.27,5605.0
2019/01/02,207.27,207.27,204.75,206.64,10591.0
2019/01/03,206.64,209.15,206.01,206.01,8526.0
2019/01/06,206.01,209.78,206.01,206.01,19988.0
2019/01/07,206.01,209.78,206.01,208.52,17879.0
2019/01/08,208.52,212.29,207.27,208.52,40103.0
2019/01/09,208.52,210.41,206.64,208.52,38578.0
2019/01/10,208.52,209.78,207.27,208.52,34671.0
2019/01/13,208.52,209.78,205.38,206.64,66674.0
2019/01/14,206.64,206.64,193.32,196.19,13747.0
2019/01/15,196.19,196.19,193.32,193.32,15332.0
2019/01/16,193.32,193.32,189.74,189.74,9299.0
2019/01/17,189.74,191.17,189.03,189.03,10805.0
2019/01/20,189.03,189.74,186.16,189.74,4018.0
2019/01/21,189.74,188.31,182.58,185.45,8360.0
2019/01/22,185.45,186.16,183.3,183.3,6951.0
2019/01/23,183.3,186.88,182.58,183.3,11216.0
2019/01/24,183.3,184.01,182.58,183.3,7010.0
2019/01/27,183.3,184.01,180.43,180.43,14814.0
2019/01/28,180.43,184.01,179.72,181.87,8451.0
2019/01/29,181.87,182.58,180.43,180.43,6365.0
2019/01/30,180.43,181.87,179.0,181.87,6291.0
2019/01/31,181.87,181.87,180.43,180.43,7673.0
2019/02/03,181.15,181.15,176.85,178.29,24242.0
2019/02/04,179.0,179.0,176.85,176.85,8683.0
2019/02/05,178.29,179.72,176.85,176.85,9221.0
2019/02/06,179.0,179.0,174.71,176.85,12762.0
2019/02/07,176.14,179.0,175.42,175.42,5755.0
2019/02/10,175.42,175.42,172.56,173.27,8121.0
2019/02/11,171.13,173.27,165.4,171.84,18388.0
2019/02/12,174.71,174.71,169.69,170.41,6577.0
2019/02/13,172.56,172.56,167.55,168.98,9259.0
2019/02/14,171.84,171.84,166.11,167.55,11271.0
2019/02/17,175.42,182.58,167.55,171.84,33065.0
2019/02/18,172.56,173.27,171.84,172.56,7515.0
2019/02/19,173.27,174.71,172.56,174.71,9316.0
2019/02/20,176.14,176.14,173.27,173.27,6813.0
2019/02/21,173.27,176.14,172.56,173.27,13648.0
2019/02/24,181.87,181.87,171.84,171.84,8050.0
2019/02/25,171.84,172.56,170.41,171.84,24949.0
2019/02/26,174.71,174.71,170.41,171.84,5401.0
2019/02/27,169.69,173.27,169.69,171.13,7851.0
2019/03/03,171.84,171.84,168.98,169.69,12436.0
2019/03/05,170.41,171.84,168.98,169.69,5923.0
2019/03/06,170.41,171.13,168.26,170.41,14995.0
2019/03/07,171.84,176.14,170.41,176.14,12427.0
2019/03/09,175.42,176.14,173.27,176.14,1585.0
2019/03/10,175.42,176.14,173.27,176.14,1585.0
2019/03/11,174.71,179.72,173.99,179.72,11422.0
2019/03/12,179.72,181.87,178.29,181.87,15685.0
2019/03/13,184.01,184.01,179.0,179.0,13797.0
2019/03/14,179.0,180.43,178.29,180.43,8376.0
2019/03/17,179.0,182.58,179.0,179.72,19914.0
2019/03/18,180.43,181.87,176.14,177.57,8802.0
2019/03/19,178.29,178.29,176.14,176.14,1777.0
2019/03/21,176.85,177.57,174.71,174.71,11536.0
2019/03/24,174.71,175.42,173.27,173.99,9123.0
2019/03/25,173.27,175.42,173.27,173.99,13668.0
2019/03/26,172.56,174.71,172.56,173.99,9380.0
2019/03/27,173.99,176.14,173.27,173.27,9318.0
2019/03/28,171.84,173.99,170.41,172.56,38908.0
2019/03/31,174.71,175.42,171.84,173.27,88241.0
2019/04/01,172.56,176.14,171.84,173.99,41588.0
2019/04/02,174.71,178.29,174.71,176.85,27877.0
2019/04/03,179.0,181.15,176.85,179.0,39793.0
2019/04/04,179.0,179.72,176.85,178.29,23238.0
2019/04/07,178.29,186.88,178.29,186.88,63857.0
2019/04/08,186.88,191.17,186.16,186.88,61511.0
2019/04/09,186.16,190.46,183.3,184.73,60248.0
2019/04/10,184.73,189.74,182.58,189.03,20106.0
2019/04/11,186.16,189.74,187.59,189.03,36383.0
2019/04/15,189.74,190.46,186.88,188.31,12342.0
2019/04/16,190.46,191.17,188.31,191.17,35775.0
2019/04/17,191.17,193.32,189.74,191.17,29479.0
2019/04/18,192.61,194.75,189.74,193.32,44604.0
2019/04/21,194.04,206.93,193.32,206.21,42416.0
2019/04/22,207.64,209.79,196.19,198.33,55480.0
2019/04/23,201.91,203.35,198.33,201.2,29102.0
2019/04/24,201.2,209.07,199.77,209.07,51577.0
2019/04/25,211.22,214.09,207.64,211.22,54628.0
2019/04/28,212.65,212.65,207.64,207.64,47933.0
2019/04/29,204.78,208.36,202.63,206.21,30547.0
2019/04/30,207.64,207.64,200.48,205.49,14760.0
2019/05/02,202.63,204.06,200.48,201.91,15151.0
2019/05/05,200.48,203.35,196.9,196.9,20379.0
2019/05/06,196.19,207.64,193.32,207.64,24411.0
2019/05/07,207.64,207.64,201.91,202.63,20728.0
2019/05/08,202.63,202.63,199.05,200.48,19662.0
2019/05/09,199.77,199.77,197.62,197.62,15299.0
2019/05/12,196.19,197.62,194.04,196.19,18576.0
2019/05/13,198.33,200.48,194.75,198.33,24225.0
2019/05/14,200.48,200.48,198.33,198.33,12736.0
2019/05/15,198.33,204.06,198.33,200.48,37812.0
2019/05/16,201.2,201.91,199.05,200.48,22792.0
2019/05/19,200.48,202.63,193.32,199.77,36451.0
2019/05/20,199.77,200.48,197.62,197.62,28835.0
2019/05/21,196.9,202.63,195.47,197.62,28934.0
2019/05/22,197.62,199.77,196.9,196.9,23839.0
2019/05/23,200.48,200.48,194.04,194.04,19064.0
2019/05/26,196.19,197.62,193.32,194.04,60691.0
2019/05/27,197.62,197.62,194.04,194.04,16582.0
2019/05/28,194.04,194.75,193.32,194.75,14003.0
2019/05/29,198.33,198.33,194.75,196.19,20679.0
2019/05/30,201.91,209.07,198.33,198.33,48912.0
2019/06/02,200.48,200.48,194.04,194.04,20588.0
2019/06/03,196.9,196.9,193.32,193.32,11986.0
2019/06/04,193.32,193.32,190.46,191.89,24627.0
2019/06/06,191.89,193.32,191.17,191.89,13360.0
2019/06/10,189.74,192.61,189.03,189.03,21371.0
2019/06/11,186.88,189.74,186.88,188.31,14585.0
2019/06/12,188.31,189.74,187.59,188.31,10424.0
2019/06/13,189.03,189.74,186.16,189.03,8527.0
2019/06/16,186.16,188.31,184.73,188.31,23525.0
2019/06/17,186.88,190.46,186.16,189.03,25863.0
2019/06/18,193.32,193.32,186.88,189.03,8401.0
2019/06/19,189.03,189.74,186.16,189.03,16204.0
2019/06/20,190.46,190.46,186.16,189.74,27543.0
2019/06/23,189.03,192.61,186.16,192.61,21559.0
2019/06/24,195.47,195.47,186.16,190.46,55783.0
2019/06/25,190.46,190.46,186.88,190.46,21939.0
2019/06/26,189.74,190.46,186.88,190.46,33623.0
2019/06/27,191.17,194.04,188.31,189.74,12681.0
2019/06/30,189.74,189.74,186.16,186.16,19596.0
2019/07/01,185.45,186.16,184.01,185.45,24232.0
2019/07/02,184.01,188.31,183.3,188.31,19122.0
2019/07/03,189.74,191.89,186.16,189.74,22173.0
2019/07/04,189.74,189.74,188.31,188.31,15905.0
2019/07/07,189.74,189.74,184.73,186.16,29105.0
2019/07/08,184.73,184.73,182.58,182.58,15894.0
2019/07/09,182.58,185.45,181.15,184.73,19765.0
2019/07/10,184.73,186.16,180.43,184.01,25780.0
2019/07/11,184.01,184.73,182.58,184.01,19954.0
2019/07/14,186.16,186.16,181.87,182.58,7750.0
2019/07/15,182.58,184.01,181.15,183.3,20422.0
2019/07/16,191.89,191.89,181.87,182.58,15467.0
2019/07/17,184.01,189.74,184.01,189.74,18349.0
2019/07/18,199.05,199.05,188.31,189.03,7766.0
2019/07/21,198.33,198.33,186.88,190.46,8726.0
2019/07/22,188.31,190.46,188.31,189.74,32483.0
2019/07/23,189.74,192.61,189.74,191.89,17103.0
2019/07/24,193.32,196.9,192.61,196.19,37346.0
2019/07/25,196.19,196.9,189.74,192.61,17541.0
2019/07/28,193.32,193.32,186.88,187.59,20846.0
2019/07/29,189.74,191.17,189.03,191.17,22293.0
2019/07/30,193.32,193.32,190.46,191.89,12562.0
2019/07/31,191.89,193.32,189.74,191.89,11732.0
2019/08/01,193.32,193.32,189.74,189.74,14079.0
2019/08/04,192.61,192.61,187.59,189.03,8124.0
2019/08/05,186.88,189.74,186.16,186.16,25061.0
2019/08/06,186.88,186.88,185.45,186.16,12218.0
2019/08/07,183.3,187.59,183.3,187.59,7987.0
2019/08/08,189.74,189.74,187.59,189.03,19073.0
2019/08/11,186.88,188.31,184.73,186.16,25897.0
2019/08/12,189.03,189.03,186.16,186.16,6705.0
2019/08/13,189.03,189.03,186.16,186.88,7251.0
2019/08/14,187.59,187.59,184.01,184.01,9445.0
2019/08/15,186.16,186.16,182.58,183.3,20551.0
2019/08/18,183.3,186.16,182.58,184.73,16439.0
2019/08/19,187.59,187.59,183.3,186.16,11404.0
2019/08/20,188.31,191.89,184.01,184.73,6193.0
2019/08/21,182.58,186.16,182.58,183.3,15612.0
2019/08/22,184.73,186.16,183.3,184.73,19709.0
2019/08/25,182.58,184.73,182.58,184.73,9099.0
2019/08/26,183.3,186.16,182.58,183.3,6272.0
2019/08/27,183.3,185.45,183.3,184.01,12231.0
2019/08/28,182.58,184.01,181.87,181.87,18194.0
2019/08/29,181.15,184.73,180.43,181.15,19180.0
2019/09/01,183.3,183.3,180.43,180.43,12889.0
2019/09/02,181.15,184.01,179.72,181.15,24852.0
2019/09/03,181.15,186.16,179.0,186.16,19078.0
2019/09/04,184.01,187.59,183.3,186.88,20107.0
2019/09/05,186.88,189.03,185.45,186.88,24163.0
2019/09/08,183.3,185.45,183.3,184.73,11905.0
2019/09/09,184.73,184.73,182.58,183.3,13221.0
2019/09/10,184.01,184.73,181.87,182.58,22770.0
2019/09/11,181.87,184.01,181.87,182.58,9238.0
2019/09/12,181.15,184.73,179.72,182.58,26346.0
2019/09/15,179.72,183.3,179.0,182.58,20365.0
2019/09/16,181.87,181.87,178.29,179.0,16906.0
2019/09/17,180.43,184.73,179.0,184.01,10862.0
2019/09/18,186.16,186.16,183.3,184.73,12029.0
2019/09/19,187.59,187.59,182.58,182.58,22305.0
2019/09/22,181.87,181.87,179.0,179.0,10219.0
2019/09/23,179.0,181.15,176.85,179.0,8143.0
2019/09/24,178.29,179.0,177.57,177.57,11428.0
2019/09/26,180.43,181.87,179.0,179.0,12535.0
2019/09/29,182.58,182.58,177.57,179.0,14047.0
2019/09/30,175.42,182.58,177.57,182.58,17798.0
2019/10/01,182.58,185.45,181.15,185.45,10895.0
2019/10/02,189.03,189.03,185.45,186.16,73794.0
2019/10/03,189.74,189.74,175.32,179.12,12750.0
2019/10/10,179.12,182.15,177.6,182.15,3250.0
2019/10/14,179.88,179.88,176.84,176.84,4910.0
2019/10/15,175.32,176.84,174.56,176.84,7065.0
2019/10/16,174.56,174.56,172.29,172.29,11842.0
2019/10/17,173.04,173.04,171.53,172.29,15319.0
2019/10/20,172.29,172.29,171.53,171.53,5992.0
2019/10/21,171.53,173.04,168.49,171.53,18427.0
2019/10/22,171.53,173.04,171.53,172.29,3196.0
2019/10/23,169.25,174.56,169.25,173.8,15733.0
2019/10/24,170.77,175.32,172.29,172.29,12361.0
2019/10/31,172.29,174.56,169.25,170.01,9702.0
2019/11/03,172.29,176.84,170.01,170.77,12580.0
2019/11/04,170.01,171.53,170.01,171.53,5418.0
2019/11/05,171.53,172.29,170.77,171.53,9455.0
2019/11/06,173.8,173.8,170.77,172.29,8381.0
2019/11/07,173.04,173.04,168.49,172.29,20873.0
2019/11/10,171.53,171.53,166.97,170.77,14535.0
2019/11/11,173.04,173.04,168.49,172.29,16415.0
2019/11/12,170.77,173.04,168.49,168.49,12357.0
2019/11/13,168.49,169.25,167.73,168.49,13676.0
2019/11/14,168.49,170.77,166.97,170.77,9975.0
2019/11/17,169.25,169.25,166.21,167.73,9329.0
2019/11/18,167.73,167.73,160.9,165.45,15274.0
2019/11/19,165.45,166.21,163.94,163.94,4045.0
2019/11/20,163.94,165.45,163.18,164.7,6300.0
2019/11/21,163.18,164.7,162.42,164.7,8952.0
2019/11/24,163.18,163.18,160.9,161.66,18514.0
2019/11/25,159.38,165.45,159.38,163.18,10458.0
2019/11/26,163.18,163.18,161.66,163.18,6407.0
2019/11/27,163.18,164.7,161.66,164.7,8732.0
2019/11/28,163.18,163.94,160.14,160.14,8624.0
2019/12/01,160.9,161.66,159.38,160.9,21546.0
2019/12/02,163.18,163.18,160.9,161.66,6009.0
2019/12/03,161.66,163.18,160.9,163.18,11414.0
2019/12/04,163.94,163.94,161.66,163.18,9012.0
2019/12/05,162.42,164.7,162.42,163.18,6864.0
2019/12/08,165.45,165.45,161.66,163.94,7387.0
2019/12/09,163.18,166.21,162.42,166.21,21324.0
2019/12/10,168.49,168.49,165.45,166.21,13419.0
2019/12/11,166.21,166.21,164.7,165.45,5814.0
2019/12/12,166.97,166.97,163.94,165.45,9514.0
2019/12/15,166.97,169.25,165.45,167.73,10880.0
2019/12/16,167.73,167.73,163.94,164.7,2806.0
2019/12/17,164.7,166.97,163.94,163.94,5475.0
2019/12/18,166.97,166.97,163.18,164.7,5157.0
2019/12/19,166.97,166.97,162.42,162.42,15344.0
2019/12/22,161.66,164.7,161.66,163.94,9092.0
2019/12/23,163.94,166.21,163.94,165.45,9370.0
2019/12/24,166.21,166.97,163.94,164.7,5198.0
2019/12/25,164.7,164.7,161.66,161.66,17165.0
2019/12/26,163.94,163.94,162.42,163.18,6350.0
2019/12/29,165.45,165.45,161.66,161.66,18116.0
2019/12/30,164.7,164.7,160.9,163.18,5778.0
2019/12/31,164.7,164.7,161.66,163.18,9787.0
2020/01/01,164.7,164.7,161.66,163.18,9011.0
2020/01/02,163.18,163.18,160.14,162.42,39203.0
2020/01/05,163.18,165.45,163.18,164.7,18212.0
2020/01/06,165.45,170.77,165.45,169.25,39515.0
2020/01/07,169.25,173.8,169.25,171.53,50633.0
2020/01/08,171.53,173.04,168.49,171.53,34835.0
2020/01/09,170.77,173.04,167.73,170.77,22613.0
2020/01/12,171.53,176.08,171.53,176.08,29950.0
2020/01/13,178.36,180.63,175.32,177.6,45542.0
2020/01/14,177.6,179.12,171.53,174.56,19041.0
2020/01/15,176.08,182.91,174.56,179.12,36761.0
2020/01/16,182.15,185.19,179.12,185.19,47849.0
2020/01/19,185.95,191.26,185.95,187.46,40375.0
2020/01/20,190.5,190.5,179.12,180.63,33432.0
2020/01/21,182.15,182.15,179.88,180.63,25239.0
2020/01/22,178.36,181.39,175.32,178.36,22363.0
2020/01/23,181.39,181.39,172.29,174.56,16722.0
2020/01/26,173.04,177.6,170.77,170.77,11010.0
2020/01/27,173.04,178.36,171.53,178.36,15809.0
2020/01/28,179.12,179.88,173.8,173.8,17589.0
2020/01/29,176.84,176.84,173.04,174.56,24230.0
2020/01/30,174.56,178.36,173.04,175.32,44538.0
2020/02/02,178.36,182.15,176.84,181.39,40976.0
2020/02/03,183.67,186.71,181.39,183.67,43867.0
2020/02/04,185.95,185.95,179.88,180.63,30002.0
2020/02/05,179.88,180.63,177.6,179.12,8198.0
2020/02/06,176.84,179.12,176.84,179.12,11140.0
2020/02/09,177.6,177.6,173.04,175.32,21351.0
2020/02/10,177.6,177.6,172.29,174.56,22931.0
2020/02/11,177.6,180.63,176.08,179.88,48409.0
2020/02/12,182.15,182.15,176.84,177.6,25498.0
2020/02/13,176.84,177.6,174.56,176.08,23923.0
2020/02/16,176.08,177.6,175.32,177.6,18813.0
2020/02/17,179.88,182.91,178.36,182.91,48896.0
2020/02/18,185.95,188.98,179.88,182.15,48031.0
2020/02/19,179.88,182.15,179.12,179.12,43799.0
2020/02/20,179.12,182.15,179.12,179.88,46320.0
2020/02/23,182.15,197.33,182.15,195.81,124124.0
2020/02/24,195.81,205.68,195.81,197.33,161312.0
2020/02/25,197.33,199.61,190.5,198.85,54933.0
2020/02/26,201.13,208.72,199.61,207.96,98438.0
2020/02/27,204.16,223.9,203.4,215.55,129851.0
2020/03/01,215.55,224.65,210.23,210.23,146992.0
2020/03/02,210.23,212.51,197.33,197.33,79661.0
2020/03/03,197.33,207.96,189.74,197.33,75286.0
2020/03/04,197.33,197.33,185.95,188.98,80872.0
2020/03/05,186.71,191.26,179.12,188.22,47257.0
2020/03/10,185.19,185.95,175.32,176.08,28949.0
2020/03/11,179.12,188.98,173.8,188.98,60976.0
2020/03/12,185.95,188.98,179.12,181.39,55965.0
2020/03/15,179.12,179.12,173.8,175.32,62356.0
2020/03/16,173.04,181.39,172.29,173.04,67639.0
2020/03/17,170.77,173.8,166.97,168.49,65453.0
2020/03/18,169.25,170.77,163.94,168.49,49911.0
2020/03/19,165.45,170.77,160.9,169.25,56951.0
2020/03/22,166.21,171.53,161.66,165.45,10899.0
2020/05/12,162.42,162.42,160.9,160.9,154.0
2020/05/13,157.87,157.87,156.35,156.35,70.0
2020/06/30,148.76,164.7,148.76,164.7,2985.0
2020/07/01,165.45,174.56,165.45,173.8,5311.0
2020/07/02,174.56,174.56,160.9,162.42,5404.0
2020/07/05,160.9,163.94,155.59,157.87,33046.0
2020/07/06,157.87,162.42,157.11,162.42,22181.0
2020/07/07,163.18,168.49,161.66,163.18,32599.0
2020/07/08,163.94,164.7,160.14,163.18,22101.0
2020/07/09,160.9,166.97,160.9,165.45,7122.0
2020/07/12,166.97,171.53,163.94,165.45,13658.0
2020/07/13,165.45,166.97,162.42,162.42,16101.0
2020/07/14,163.18,164.7,161.66,163.94,15159.0
2020/07/15,166.97,168.49,163.94,166.21,34236.0
2020/07/16,166.97,172.29,166.97,170.77,24081.0
2020/07/19,173.8,179.88,173.8,179.88,311.0
2020/07/20,188.22,197.33,179.88,184.43,126703.0
2020/07/21,181.39,187.46,178.36,179.88,54494.0
2020/07/22,182.15,184.43,176.08,176.84,26698.0
2020/07/23,178.36,178.36,173.8,177.6,39064.0
2020/07/26,179.88,182.15,176.08,179.88,26608.0
2020/07/27,180.63,185.19,179.12,182.15,47943.0
2020/07/28,182.15,184.43,179.88,182.15,42399.0
2020/07/29,183.67,183.67,176.84,179.12,33389.0
2020/07/30,178.36,179.12,174.56,179.12,34010.0
2020/08/02,176.08,176.08,170.77,173.04,34540.0
2020/08/03,170.77,177.6,166.97,174.56,18122.0
2020/08/05,175.32,175.32,167.73,170.01,31070.0
2020/08/06,166.21,169.25,164.7,168.49,13961.0
2020/08/09,166.21,170.77,163.94,170.01,14772.0
2020/08/10,170.01,173.8,170.01,173.8,30868.0
2020/08/11,173.8,176.08,170.77,172.29,27005.0
2020/08/12,163.94,173.04,163.94,173.04,51010.0
2020/08/13,170.77,172.29,168.49,170.77,37044.0
2020/08/16,168.49,172.29,166.97,171.53,39493.0
2020/08/17,171.53,174.56,170.77,173.04,42580.0
2020/08/18,173.04,173.04,170.01,170.77,44485.0
2020/08/19,169.25,170.01,167.73,167.73,31853.0
2020/08/20,166.21,170.77,166.21,170.01,9065.0
2020/08/23,168.49,171.53,167.73,170.77,13733.0
2020/08/24,173.04,173.04,170.77,173.04,24846.0
2020/08/25,174.56,175.32,172.29,173.8,24183.0
2020/08/26,172.29,180.63,172.29,176.84,60700.0
2020/08/27,179.88,179.88,174.56,176.08,32327.0
2020/08/30,176.08,176.08,173.04,176.08,21178.0
2020/08/31,176.84,176.84,173.8,176.08,41994.0
2020/09/02,177.6,182.15,176.08,179.12,47839.0
2020/09/03,176.84,181.39,176.84,178.36,43792.0
2020/09/06,186.71,186.71,178.36,179.12,73171.0
2020/09/07,178.36,179.12,175.32,176.08,33122.0
2020/09/08,175.32,178.36,173.8,176.84,40771.0
2020/09/09,174.56,176.84,174.56,175.32,21531.0
2020/09/10,183.67,183.67,176.08,177.6,49861.0
2020/09/13,176.84,181.39,176.08,180.63,86611.0
2020/09/14,182.15,192.02,180.63,188.98,260651.0
2020/09/15,192.02,195.05,188.22,189.74,141750.0
2020/09/16,189.74,190.5,186.71,187.46,68178.0
2020/09/17,196.57,196.57,187.46,192.78,118681.0
2020/09/20,192.78,203.4,192.78,199.61,144915.0
2020/09/21,199.61,207.96,195.81,202.64,210604.0
2020/09/22,208.72,208.72,192.02,195.05,128552.0
2020/09/23,195.81,201.89,193.54,198.85,99383.0
2020/09/24,195.05,198.85,195.81,196.57,58514.0
2020/09/27,193.54,200.37,193.54,198.85,69232.0
2020/09/28,202.64,202.64,197.33,199.61,71209.0
2020/09/29,197.33,199.61,197.33,198.85,42015.0
2020/09/30,199.61,200.37,195.81,195.81,54273.0
2020/10/01,201.13,214.79,201.13,214.03,535005.0
2020/10/04,220.1,223.9,210.99,212.51,257772.0
2020/10/05,214.03,214.03,209.47,210.99,81855.0
2020/10/06,213.27,213.27,207.96,208.72,79305.0
2020/10/07,216.31,216.31,206.44,209.47,129951.0
2020/10/08,208.72,211.75,207.96,208.72,114037.0
2020/10/11,209.47,209.47,206.44,207.2,47452.0
2020/10/12,206.44,208.72,205.68,207.2,41566.0
2020/10/13,210.99,210.99,204.92,207.2,42735.0
2020/10/14,204.92,207.96,204.92,207.96,55428.0
2020/10/15,217.82,217.82,206.44,207.2,54349.0
2020/10/18,210.99,210.99,207.2,207.2,36243.0
2020/10/19,206.44,208.72,206.44,207.2,25871.0
2020/10/20,208.72,208.72,207.2,208.72,28220.0
2020/10/21,211.75,211.75,209.47,210.99,42565.0
2020/10/22,212.51,214.03,208.72,211.75,66361.0
2020/10/28,216.31,218.58,212.51,218.58,204148.0
2020/10/29,220.1,223.14,215.55,217.82,201489.0
2020/11/01,220.86,220.86,214.03,217.06,73910.0
2020/11/02,217.82,217.82,213.27,214.03,49561.0
2020/11/03,214.03,214.79,212.51,214.03,44213.0
2020/11/04,214.79,216.31,213.27,213.27,51610.0
2020/11/05,214.03,218.58,212.51,217.82,127669.0
2020/11/08,227.69,228.45,221.62,225.41,354445.0
2020/11/09,226.17,226.17,220.86,220.86,117724.0
2020/11/10,223.9,223.9,220.1,220.86,92014.0
2020/11/11,220.86,222.38,220.86,221.62,166822.0
2020/11/12,223.9,227.69,221.62,224.65,360576.0
2020/11/18,225.56,225.56,216.98,218.7,103991.0
2020/11/19,216.98,218.7,215.27,216.12,117116.0
2020/11/22,226.42,226.42,214.41,217.84,116754.0
2020/11/23,228.13,228.13,215.27,216.98,95251.0
2020/11/24,216.98,220.41,213.55,214.41,130506.0
2020/11/25,218.7,218.7,212.69,216.98,115174.0
2020/11/26,220.41,224.7,216.98,220.41,138258.0
2020/11/29,223.84,241.85,220.41,240.14,325530.0
2020/11/30,244.43,257.29,231.56,233.28,203426.0
2020/12/01,235.85,236.71,227.27,227.27,130179.0
2020/12/02,227.27,229.85,224.7,227.27,112630.0
2020/12/03,227.27,230.7,222.13,223.84,98576.0
2020/12/06,219.55,222.98,214.41,216.12,72643.0
2020/12/07,211.84,223.84,211.84,216.98,89594.0
2020/12/08,219.55,219.55,214.41,215.27,67927.0
2020/12/09,216.12,216.12,211.84,212.69,85008.0
2020/12/10,210.98,214.41,210.12,210.12,46399.0
2020/12/13,213.55,217.84,210.98,217.84,73857.0
2020/12/14,219.55,221.27,216.98,216.98,99978.0
2020/12/15,218.7,220.41,214.41,216.98,62682.0
2020/12/16,214.41,217.84,212.69,216.12,41487.0
2020/12/17,216.12,219.55,215.27,215.27,82743.0
2020/12/20,218.7,218.7,207.55,208.4,94173.0
2020/12/21,205.83,213.55,202.4,205.83,95908.0
2020/12/22,209.26,214.41,208.4,214.41,73190.0
2020/12/23,218.7,220.41,215.27,217.84,121046.0
2020/12/24,214.41,220.41,212.69,218.7,73003.0
2020/12/27,218.7,219.55,213.55,214.41,71994.0
2020/12/28,216.98,216.98,212.69,214.41,64025.0
2020/12/29,214.41,216.98,212.69,214.41,50840.0
2020/12/30,214.41,217.84,213.55,213.55,52966.0
2020/12/31,214.41,219.55,214.41,217.84,96547.0
2021/01/03,217.84,231.56,217.84,231.56,188960.0
2021/01/04,231.56,236.71,227.27,227.27,153625.0
2021/01/05,222.98,234.13,222.98,230.7,96271.0
2021/01/06,232.42,234.13,228.13,233.28,124685.0
2021/01/07,237.56,237.56,231.56,236.71,124222.0
2021/01/10,235.85,249.57,235.85,248.71,234078.0
2021/01/11,248.71,256.43,245.28,247.0,151601.0
2021/01/12,247.86,265.87,244.43,261.58,238995.0
2021/01/13,261.58,265.87,261.58,263.29,167081.0
2021/01/17,262.44,264.15,257.29,259.01,96314.0
2021/01/18,271.87,271.87,257.29,263.29,171423.0
2021/01/19,268.44,283.88,258.15,271.87,348390.0
2021/01/20,274.44,285.59,272.73,281.3,301528.0
2021/01/21,295.03,295.03,274.44,275.3,148130.0
2021/01/24,275.3,279.59,271.01,274.44,193124.0
2021/01/25,287.31,287.31,270.15,274.44,186641.0
2021/01/26,271.87,277.02,268.44,270.15,124536.0
2021/01/27,257.29,273.58,257.29,266.72,85274.0
2021/01/28,261.58,266.72,257.29,258.15,184550.0
2021/01/31,253.86,255.57,244.43,247.86,124438.0
2021/02/01,252.14,256.43,245.28,250.43,97056.0
2021/02/02,250.43,255.57,247.0,255.57,124355.0
2021/02/03,257.29,259.01,252.14,253.0,94404.0
2021/02/04,251.29,254.72,249.57,251.29,62678.0
2021/02/07,254.72,255.57,250.43,253.86,117134.0
2021/02/08,254.72,273.58,251.29,270.15,347974.0
2021/02/09,272.73,280.45,265.01,265.87,148884.0
2021/02/10,267.58,268.44,259.01,268.44,178663.0
2021/02/11,271.01,283.88,267.58,272.73,298115.0
2021/02/14,272.73,272.73,262.44,265.87,97873.0
2021/02/15,271.01,276.16,264.15,265.87,226766.0
2021/02/16,270.15,277.87,268.44,271.87,338102.0
2021/02/17,277.02,280.45,269.3,274.44,180283.0
2021/02/18,278.73,284.73,274.44,279.59,330995.0
2021/02/21,293.31,293.31,276.16,277.87,212565.0
2021/02/22,291.6,291.6,268.44,269.3,192202.0
2021/02/23,269.3,269.3,260.72,267.58,153889.0
2021/02/24,271.01,277.02,264.15,269.3,164982.0
2021/02/25,269.3,269.3,261.58,262.44,174742.0
2021/02/28,261.58,263.29,253.86,255.57,215579.0
2021/03/01,257.29,269.3,253.86,265.01,229017.0
2021/03/02,265.87,270.15,257.29,259.01,129739.0
2021/03/03,271.87,271.87,253.86,259.86,130234.0
2021/03/04,265.87,283.02,256.43,279.59,273837.0
2021/03/08,277.87,279.59,265.87,270.15,96416.0
2021/03/09,263.29,264.15,257.29,262.44,60456.0
2021/03/10,264.15,264.15,259.01,262.44,54907.0
2021/03/14,262.44,262.44,253.86,254.72,88169.0
2021/03/15,254.72,259.01,251.29,253.0,51470.0
2021/03/16,257.29,257.29,251.29,252.14,37308.0
2021/03/17,253.86,257.29,247.86,247.86,119417.0
2021/03/18,252.14,260.72,252.14,255.57,98065.0
2021/03/21,259.86,259.86,254.72,259.01,225077.0
2021/03/22,259.86,259.86,253.86,254.72,129885.0
2021/03/23,257.29,257.29,253.86,256.43,63266.0
2021/03/24,259.01,260.72,254.72,258.15,128470.0
2021/03/25,271.01,271.01,254.72,258.15,131800.0
2021/03/29,271.01,271.01,254.72,256.43,73392.0
2021/03/30,268.44,268.44,255.57,256.43,72214.0
2021/03/31,259.86,262.44,257.29,260.72,145167.0
2021/04/01,262.44,274.44,257.29,265.01,374190.0
2021/04/04,265.87,271.87,265.87,267.58,156621.0
2021/04/05,270.15,271.87,262.44,263.29,149804.0
2021/04/06,263.29,267.58,260.72,265.87,171085.0
2021/04/07,265.87,270.15,262.44,265.87,153079.0
2021/04/08,265.87,270.15,265.01,268.44,205441.0
2021/04/12,270.15,271.01,264.15,265.87,98807.0
2021/04/13,266.72,273.58,265.87,272.73,143204.0
2021/04/15,274.44,281.3,273.58,276.16,213474.0
2021/04/18,276.16,277.87,269.3,272.73,211278.0
2021/04/19,271.01,274.44,266.72,268.44,118435.0
2021/04/20,268.44,271.01,265.87,267.58,91847.0
2021/04/21,271.87,271.87,263.29,265.01,130341.0
2021/04/22,265.01,266.72,261.58,265.01,95086.0
2021/04/25,265.01,267.58,258.15,260.72,92456.0
2021/04/26,260.72,260.72,252.14,253.86,107513.0
2021/04/27,253.0,262.44,253.0,262.44,59901.0
2021/04/28,262.44,262.44,256.43,258.15,55264.0
2021/04/29,270.15,270.15,258.15,259.86,53030.0
2021/05/02,258.15,261.58,257.29,261.58,145278.0
2021/05/03,265.87,265.87,259.01,261.58,37238.0
2021/05/04,261.58,262.44,258.15,259.86,42098.0
2021/05/05,257.29,261.58,257.29,258.15,46955.0
2021/05/06,259.01,263.29,256.43,261.58,106144.0
2021/05/09,274.44,279.59,260.72,269.3,638625.0
2021/05/10,269.3,271.01,265.87,269.3,97687.0
2021/05/11,271.87,271.87,267.58,268.44,53287.0
2021/05/12,267.58,269.3,265.01,267.58,44521.0
2021/05/13,270.15,270.15,265.87,267.58,51218.0
2021/05/16,270.15,277.87,270.15,274.44,228423.0
2021/05/17,276.16,278.73,272.73,277.87,213833.0
2021/05/18,278.73,280.45,275.3,278.73,153382.0
2021/05/19,280.45,287.31,278.73,283.02,496518.0
2021/05/20,291.6,301.03,287.31,301.03,980144.0
2021/05/23,301.03,303.6,289.02,302.74,413005.0
2021/05/24,308.75,308.75,293.31,298.46,409929.0
2021/05/25,298.46,299.31,291.6,292.45,221004.0
2021/05/27,287.31,299.31,281.3,293.31,197418.0
2021/05/30,298.46,305.32,291.6,299.31,254658.0
2021/05/31,300.17,304.46,294.17,295.03,250760.0
2021/06/01,292.45,297.6,289.88,291.6,117575.0
2021/06/02,291.6,296.74,289.88,295.03,110192.0
2021/06/03,295.03,311.32,295.03,309.61,446509.0
2021/06/06,315.61,340.48,315.61,331.9,568701.0
2021/06/07,338.77,338.77,320.75,327.62,375007.0
2021/06/08,327.62,337.05,322.47,333.62,285142.0
2021/06/09,334.48,338.77,326.76,329.33,187434.0
2021/06/10,331.05,331.05,317.32,324.19,219543.0
2021/06/13,323.33,330.19,316.47,323.33,240816.0
2021/06/14,330.19,344.77,325.9,339.62,325389.0
2021/06/15,343.05,347.34,333.62,334.48,296435.0
2021/06/16,338.77,342.2,331.05,331.9,243331.0
2021/06/17,334.48,334.48,327.62,330.19,145550.0
2021/06/20,334.48,339.62,320.75,323.33,236674.0
2021/06/21,323.33,329.33,314.75,315.61,180976.0
2021/06/22,315.61,326.76,312.18,326.76,153135.0
2021/06/23,328.47,331.9,318.18,319.04,91823.0
2021/06/24,321.61,324.19,311.32,317.32,81205.0
2021/06/27,317.32,331.9,314.75,325.04,132742.0
2021/06/28,327.62,333.62,325.04,325.9,99267.0
2021/06/29,330.19,330.19,319.9,320.75,79742.0
2021/06/30,317.32,318.18,311.32,318.18,75397.0
2021/07/01,318.18,322.47,317.32,318.18,51008.0
2021/07/04,318.18,323.33,317.32,318.18,59242.0
2021/07/05,318.18,321.61,313.04,315.61,59147.0
2021/07/06,308.75,317.32,308.75,315.61,42873.0
2021/07/07,315.61,317.32,313.04,313.89,49494.0
2021/07/08,313.89,321.61,312.18,320.75,56425.0
2021/07/11,324.19,329.33,323.33,328.47,123897.0
2021/07/12,332.76,332.76,321.61,323.33,85241.0
2021/07/13,324.19,327.62,319.04,325.9,47281.0
2021/07/14,330.19,330.19,324.19,325.9,41306.0
2021/07/15,325.9,328.47,323.33,325.04,51831.0
2021/07/18,329.33,341.34,327.62,337.48,188959.0
2021/07/19,343.05,349.91,337.05,342.97,199765.0
2021/07/20,343.05,343.05,337.05,340.14,74341.0
2021/07/22,342.62,347.34,337.05,344.68,224926.0
2021/07/25,347.34,364.49,347.34,364.32,353993.0
2021/07/26,371.53,371.53,354.63,355.49,259511.0
2021/07/27,351.63,355.92,338.77,353.34,242136.0
2021/07/28,354.2,358.49,348.2,349.91,82238.0
2021/07/29,351.63,351.63,344.77,348.11,59840.0
2021/08/01,347.34,352.49,346.57,349.14,76109.0
2021/08/02,351.63,353.34,347.34,349.06,84357.0
2021/08/03,350.77,351.63,346.48,348.2,92568.0
2021/08/04,347.34,349.91,347.34,348.2,91613.0
2021/08/05,348.2,350.77,347.34,349.06,98490.0
2021/08/08,347.34,352.49,346.48,347.34,78666.0
2021/08/09,347.34,349.91,344.0,346.05,65145.0
2021/08/10,343.91,356.78,343.14,353.77,125713.0
2021/08/11,354.2,359.35,349.06,351.63,99506.0
2021/08/12,351.63,355.92,347.6,351.63,114375.0
2021/08/15,353.34,355.92,343.05,348.2,150356.0
2021/08/16,355.15,355.15,343.05,344.77,89418.0
2021/08/17,343.05,348.2,339.62,339.62,96987.0
2021/08/18,343.05,348.11,335.33,343.05,113654.0
2021/08/19,344.77,348.2,338.77,340.48,75582.0
2021/08/24,343.05,344.77,336.19,338.77,62450.0
2021/08/25,337.05,338.77,330.36,331.9,71770.0
2021/08/26,331.9,335.33,327.62,331.05,96985.0
2021/08/29,335.33,336.19,320.75,322.47,150496.0
2021/08/31,317.32,320.75,313.12,317.32,83526.0
2021/09/01,323.33,325.04,315.61,321.61,80771.0
2021/09/02,325.04,325.04,317.32,318.61,62564.0
2021/09/05,318.18,318.18,296.74,310.46,133417.0
2021/09/06,307.89,325.04,304.37,323.33,83845.0
2021/09/07,326.76,329.33,316.47,319.9,94212.0
2021/09/08,317.32,325.9,313.04,313.98,71024.0
2021/09/09,310.63,317.58,310.63,314.92,52194.0
2021/09/12,317.32,318.18,313.04,316.38,51034.0
2021/09/13,321.61,321.61,313.29,318.18,68857.0
2021/09/14,322.47,322.47,316.47,316.47,45011.0
2021/09/15,315.61,316.47,310.46,313.04,45729.0
2021/09/16,313.04,313.04,300.26,302.74,108878.0
2021/09/20,304.46,307.03,291.6,291.6,78732.0
2021/09/21,288.16,297.43,276.42,293.22,81958.0
2021/09/22,295.88,307.89,294.17,304.46,53066.0
2021/09/23,310.12,322.47,304.46,315.61,160069.0
2021/09/26,321.61,333.28,314.75,319.04,127018.0
2021/09/27,316.47,318.18,305.32,306.6,68286.0
2021/09/28,308.75,308.75,294.17,295.88,66481.0
2021/09/29,301.03,303.6,283.88,301.89,47450.0
2021/09/30,302.32,305.32,295.45,296.74,55196.0
2021/10/03,296.74,296.74,286.79,287.74,63022.0
2021/10/04,283.88,291.6,283.02,288.08,42962.0
2021/10/05,283.96,293.31,283.96,290.74,26769.0
2021/10/06,295.88,296.74,289.02,291.6,53099.0
2021/10/10,295.88,296.74,293.31,295.03,34371.0
2021/10/11,292.45,293.31,287.31,292.97,27522.0
2021/10/17,295.88,299.31,289.02,290.74,18283.0
2021/10/18,287.74,291.6,283.02,283.02,44294.0
2021/10/19,283.02,283.02,269.38,271.87,63948.0
2021/10/20,272.73,283.88,272.73,277.02,43272.0
2021/10/21,282.16,282.5,271.01,271.27,51762.0
2021/10/24,271.87,274.44,267.67,273.58,25194.0
2021/10/25,277.87,286.45,274.44,286.02,33141.0
2021/10/26,291.68,308.75,291.68,307.03,157153.0
2021/10/27,313.12,314.75,300.17,305.32,70922.0
2021/10/28,306.17,307.03,300.17,304.46,31364.0
2021/10/31,304.46,306.17,298.46,301.89,48640.0
2021/11/01,301.89,301.89,296.74,297.6,53464.0
2021/11/02,297.6,301.89,291.6,294.85,59874.0
2021/11/03,290.74,295.63,290.74,294.17,47939.0
2021/11/08,299.31,300.0,289.88,289.88,42337.0
2021/11/09,289.88,289.88,284.73,286.45,46748.0
2021/11/11,286.45,287.31,280.7,280.7,56707.0
2021/11/14,279.59,283.88,274.44,283.88,38623.0
2021/11/15,289.45,294.17,280.45,283.88,50699.0
2021/11/16,284.73,289.88,278.73,289.88,46798.0
2021/11/17,293.31,293.31,289.88,291.6,40000.0
2021/11/18,292.45,293.31,286.45,286.54,34388.0
2021/11/21,286.54,290.74,285.59,289.88,34696.0
2021/11/22,289.88,293.05,289.88,291.34,51675.0
2021/11/23,293.74,293.74,287.31,289.02,37507.0
2021/11/24,291.6,291.6,283.02,288.59,36015.0
2021/11/25,289.88,295.88,288.16,292.45,157242.0
2021/11/28,287.74,287.74,277.36,278.3,74634.0
2021/11/29,277.36,279.06,270.85,273.58,28744.0
2021/11/30,274.53,274.53,263.49,266.04,28457.0
2021/12/01,268.87,268.87,262.83,263.21,32857.0
2021/12/02,263.21,264.15,254.72,256.6,38523.0
2021/12/05,256.6,259.43,246.98,247.17,33716.0
2021/12/06,245.28,251.89,237.74,251.89,36248.0
2021/12/07,256.89,258.49,252.83,252.92,30787.0
2021/12/08,250.0,252.83,248.02,250.0,19994.0
2021/12/09,250.0,250.94,245.0,247.64,23833.0
2021/12/12,249.06,249.06,235.94,236.89,36608.0
2021/12/13,235.85,235.85,226.6,232.08,31386.0
2021/12/14,235.85,243.4,232.08,243.4,20108.0
2021/12/15,248.11,254.72,241.79,244.25,39072.0
2021/12/16,244.25,244.25,238.68,239.62,21503.0
2021/12/20,244.34,244.34,232.36,233.96,29390.0
2021/12/21,237.74,240.57,235.85,239.62,23675.0
2021/12/22,244.34,249.06,240.57,246.23,32410.0
2021/12/23,251.13,252.83,245.28,249.06,32047.0
2021/12/26,250.94,255.94,250.19,255.66,47457.0
2021/12/27,254.72,259.43,251.89,252.83,36037.0
2021/12/28,250.94,252.83,245.0,247.17,21945.0
2021/12/29,251.89,251.98,247.17,250.0,25584.0
2022/01/02,250.0,254.53,246.32,253.77,21592.0
2022/01/03,253.77,258.77,250.94,258.49,32290.0
2022/01/04,259.43,274.53,257.64,274.53,59764.0
2022/01/05,280.0,280.0,266.04,266.04,47134.0
2022/01/06,265.09,275.47,265.09,275.38,43100.0
2022/01/09,278.3,283.87,276.51,283.87,58429.0
2022/01/10,283.96,287.26,276.51,279.25,57373.0
2022/01/11,278.3,281.13,275.47,280.19,32036.0
2022/01/12,280.19,285.85,275.47,281.13,64071.0
2022/01/13,283.02,283.02,273.58,283.02,48560.0
2022/01/16,288.68,300.0,287.83,299.43,137560.0
2022/01/17,302.83,302.83,297.17,299.91,39437.0
2022/01/18,300.0,311.32,294.34,301.79,90351.0
2022/01/19,307.55,307.55,297.17,300.0,47069.0
2022/01/20,294.81,299.06,292.45,299.06,41551.0
2022/01/23,305.0,305.0,290.47,290.66,39106.0
2022/01/24,296.42,296.42,278.3,282.92,61509.0
2022/01/25,288.49,288.49,271.98,279.25,44713.0
2022/01/26,278.3,278.3,271.32,271.89,32678.0
2022/01/27,273.58,273.58,268.96,268.96,26226.0
2022/01/30,270.75,285.85,270.75,281.13,42488.0
2022/01/31,283.02,283.02,275.47,275.57,17442.0
2022/02/01,278.3,280.19,273.58,277.83,26993.0
2022/02/03,283.02,287.74,275.47,275.66,27569.0
2022/02/06,275.47,278.3,271.7,274.53,31463.0
2022/02/07,269.15,275.47,269.15,273.58,38993.0
2022/02/08,276.42,283.96,270.75,270.75,28357.0
2022/02/09,270.75,274.53,268.87,270.75,34595.0
2022/02/10,275.47,275.47,266.98,269.81,31322.0
2022/02/13,266.04,266.98,261.32,263.21,36018.0
2022/02/14,260.38,265.66,258.49,261.32,30133.0
2022/02/15,259.43,264.62,259.43,264.62,29725.0
2022/02/16,264.15,267.92,260.38,266.04,17973.0
2022/02/17,264.15,268.87,263.58,263.58,22271.0
2022/02/20,261.32,261.32,256.32,256.6,35074.0
2022/02/21,256.42,259.43,255.66,259.43,22471.0
2022/02/22,263.21,263.21,258.49,261.32,24183.0
2022/02/23,259.43,260.38,258.49,259.43,18348.0
2022/02/24,257.55,258.49,251.98,253.3,44553.0
2022/02/27,252.83,254.62,250.09,250.94,30673.0
2022/02/28,253.77,255.66,248.3,248.4,23255.0
2022/03/02,248.3,249.06,240.57,241.51,55508.0
2022/03/06,237.74,250.0,236.79,244.34,27188.0
2022/03/07,249.06,249.06,240.66,244.34,24943.0
2022/03/09,241.51,249.06,239.62,240.57,25345.0
2022/03/10,239.15,245.28,239.15,245.28,36267.0
2022/03/13,250.19,255.66,249.06,251.89,39620.0
2022/03/14,256.6,256.6,247.17,251.89,7287.0
2022/03/15,251.89,252.83,248.11,250.94,17598.0
2022/03/16,250.94,253.3,249.34,251.79,21093.0
2022/03/20,254.72,254.72,250.19,250.57,23454.0
2022/03/21,249.06,259.43,249.06,259.15,29092.0
2022/03/22,261.32,261.32,255.66,258.02,30626.0
2022/03/23,255.66,261.32,254.72,261.32,32577.0
2022/03/24,262.26,262.26,256.13,256.13,35226.0
2022/03/27,253.77,256.13,248.87,250.85,48875.0
2022/03/28,248.87,251.89,248.11,249.06,32488.0
2022/03/29,249.15,252.83,247.17,247.17,40232.0
2022/03/30,250.0,250.0,246.79,248.77,25382.0
2022/03/31,247.17,252.83,247.17,249.06,14527.0
2022/04/03,250.94,250.94,244.53,245.28,39137.0
2022/04/04,250.19,250.19,245.19,245.28,41239.0
2022/04/05,250.19,250.19,239.91,242.45,38670.0
2022/04/06,237.74,243.4,237.74,239.25,37723.0
2022/04/07,240.57,243.4,236.79,242.45,28169.0
2022/04/11,247.26,249.06,240.57,240.57,28442.0
2022/04/12,240.57,240.57,236.04,237.83,18494.0
2022/04/13,242.36,245.09,236.7,241.6,15575.0
2022/04/17,246.42,246.42,237.74,237.74,31041.0
2022/04/18,233.96,235.85,232.08,233.02,20560.0
2022/04/19,237.64,237.64,230.19,233.96,31765.0
2022/04/20,238.58,238.58,227.17,227.92,28286.0
2022/04/21,232.45,232.45,222.64,225.47,36625.0
2022/04/24,229.25,238.77,225.85,236.32,20740.0
2022/04/25,241.04,241.04,231.13,233.02,19863.0
2022/04/26,230.19,234.72,229.62,232.08,6577.0
2022/04/27,227.83,233.68,227.83,229.81,7767.0
2022/04/28,230.19,233.11,228.3,229.25,15997.0
2022/05/02,229.25,229.25,225.28,226.42,17197.0
2022/05/04,222.17,226.42,221.7,223.49,28196.0
2022/05/05,219.81,223.58,216.98,218.87,39729.0
2022/05/08,216.98,219.81,216.98,218.87,13174.0
2022/05/09,223.21,224.53,219.81,223.49,13894.0
2022/05/10,219.15,226.98,219.15,226.98,10311.0
2022/05/11,228.3,230.19,228.3,230.19,9776.0
2022/05/12,233.96,233.96,226.42,226.7,21846.0
2022/05/17,231.13,231.13,219.81,219.81,18086.0
2022/05/18,223.49,223.49,218.58,222.64,14510.0
2022/05/19,219.34,225.47,219.34,222.17,11475.0
2022/05/20,219.34,226.42,219.34,221.7,11016.0
2022/05/23,219.34,222.64,215.0,219.81,44397.0
2022/05/24,216.04,224.15,216.04,219.81,15443.0
2022/05/25,221.7,221.7,219.06,220.75,6950.0
2022/05/26,224.53,224.53,218.87,222.64,8012.0
2022/05/27,226.32,230.75,218.21,224.53,22343.0
2022/05/30,220.19,222.64,218.87,219.91,15122.0
2022/05/31,216.98,218.87,215.09,216.98,15009.0
2022/06/01,215.57,218.87,212.64,215.09,17781.0
2022/06/02,217.92,217.92,212.74,214.15,8471.0
2022/06/03,214.15,215.09,208.49,214.06,23285.0
2022/06/06,213.3,214.15,206.89,209.43,24444.0
2022/06/07,205.75,210.38,202.83,203.3,39909.0
2022/06/08,203.02,216.04,202.83,215.09,120056.0
2022/06/09,216.98,219.81,215.09,219.81,30899.0
2022/06/10,215.57,222.55,212.26,222.17,35945.0
2022/06/13,226.6,226.6,216.04,222.64,201818.0
2022/06/14,218.4,219.81,215.66,216.98,29876.0
2022/06/15,214.15,217.92,213.21,214.25,227130.0
2022/12/07,218.0,224.0,214.2,216.8,47106.0
2022/12/11,216.6,216.6,209.4,209.7,25076.0
2022/12/12,206.0,212.0,204.0,208.0,17181.0
2022/12/13,208.0,213.0,205.1,206.0,14328.0
2022/12/14,204.0,207.9,202.0,205.5,12243.0
2022/12/15,202.0,207.0,202.0,203.0,18575.0
2022/12/18,203.0,203.0,199.0,199.1,19480.0
2022/12/19,198.0,204.0,196.0,197.6,10764.0
2022/12/20,197.6,205.0,195.2,199.0,12000.0
2022/12/21,200.0,202.0,198.0,199.0,6022.0
2022/12/22,198.0,200.0,196.2,197.0,9710.0
2022/12/26,200.9,207.0,197.1,205.0,25638.0
2022/12/27,208.0,216.0,208.0,210.4,23245.0
2022/12/28,211.0,214.0,205.9,208.0,11860.0
2022/12/29,210.0,212.0,205.0,210.1,23346.0
2023/01/01,211.6,213.0,208.6,208.9,32432.0
2023/01/02,208.0,212.0,207.0,207.0,30558.0
2023/01/03,207.0,214.0,205.1,205.1,31356.0
2023/01/04,209.0,212.0,205.0,208.1,21828.0
2023/01/05,212.0,215.5,207.0,207.2,55481.0
2023/01/08,211.0,213.0,207.0,207.3,76723.0
