Date,Open,High,Low,Close,Volume,Change
2020-11-02,647.55,647.55,617.89,647.55,875.0,
2020-11-03,642.61,711.81,628.49,642.61,935.0,-4.939999999999941
2020-11-04,670.86,676.51,648.97,670.86,919.0,28.25
2020-11-05,656.73,684.27,653.91,656.73,961.0,-14.129999999999995
2020-11-08,663.79,669.44,649.67,663.79,920.0,7.059999999999945
2020-11-09,656.73,676.51,656.73,656.73,957.0,-7.059999999999945
2020-11-10,654.61,662.38,653.2,654.61,938.0,-2.1200000000000045
2020-11-11,641.9,656.73,630.61,653.2,3185.0,-1.4099999999999682
2020-11-12,663.79,663.79,639.79,643.32,3472.0,-9.879999999999995
2020-11-18,656.03,656.03,635.55,635.55,2995.0,-7.7700000000000955
2020-11-19,667.33,667.33,621.43,628.49,3943.0,-7.059999999999945
2020-11-22,635.55,640.49,618.6,618.6,5115.0,-9.889999999999986
2020-11-23,610.83,628.49,610.83,620.72,3149.0,2.1200000000000045
2020-11-24,628.49,642.61,621.43,628.49,2400.0,7.769999999999982
2020-11-25,622.84,656.73,622.13,642.61,3541.0,14.120000000000005
2020-11-26,665.91,665.91,627.07,629.9,2737.0,-12.710000000000036
2020-11-29,635.55,635.55,625.66,630.61,3555.0,0.7100000000000364
2020-11-30,630.61,642.61,630.61,636.25,3670.0,5.639999999999986
2020-12-01,668.03,668.03,631.31,632.02,5339.0,-4.230000000000018
2020-12-02,634.84,694.87,634.84,670.15,14184.0,38.129999999999995
2020-12-03,682.86,736.53,668.74,683.57,9252.0,13.420000000000073
2020-12-06,670.15,683.57,636.25,646.14,6085.0,-37.430000000000064
2020-12-07,640.49,665.21,622.84,656.73,4361.0,10.590000000000032
2020-12-08,669.44,694.87,635.55,647.55,5674.0,-9.180000000000064
2020-12-09,647.55,647.55,626.37,633.43,3849.0,-14.120000000000005
2020-12-10,630.61,649.67,623.54,623.54,4342.0,-9.889999999999986
2020-12-13,635.55,648.26,635.55,646.14,2069.0,22.600000000000023
2020-12-14,658.85,680.04,658.85,675.8,8841.0,29.659999999999968
2020-12-15,689.22,716.76,676.51,687.1,7427.0,11.300000000000068
2020-12-16,695.57,701.22,682.16,692.75,9085.0,5.649999999999977
2020-12-17,706.16,761.95,695.57,735.82,19556.0,43.07000000000005
2020-12-20,735.82,735.82,669.44,669.44,12870.0,-66.38
2020-12-21,687.8,692.04,664.5,687.1,6440.0,17.659999999999968
2020-12-22,700.52,742.18,698.4,709.7,2796.0,22.600000000000023
2020-12-23,723.82,723.82,672.27,687.1,2613.0,-22.600000000000023
2020-12-24,700.52,700.52,674.39,678.62,2577.0,-8.480000000000018
2020-12-27,692.04,705.46,668.03,669.44,3915.0,-9.17999999999995
2020-12-28,682.16,689.92,677.92,677.92,2539.0,8.479999999999905
2020-12-29,687.8,687.8,676.51,682.86,1508.0,4.940000000000055
2020-12-30,691.34,691.34,671.56,675.09,3598.0,-7.769999999999982
2020-12-31,688.51,694.16,677.92,687.1,5558.0,12.009999999999991
2021-01-03,692.04,699.1,677.92,692.04,4458.0,4.939999999999941
2021-01-04,704.75,716.76,688.51,697.69,6213.0,5.650000000000091
2021-01-05,699.1,700.52,687.1,698.4,3998.0,0.7099999999999227
2021-01-06,706.16,744.3,705.46,741.47,19358.0,43.07000000000005
2021-01-07,756.3,787.37,752.77,752.77,8583.0,11.299999999999955
2021-01-10,767.6,767.6,739.35,755.6,3640.0,2.830000000000041
2021-01-11,755.6,770.43,730.17,744.3,5160.0,-11.300000000000068
2021-01-12,731.59,769.72,731.59,767.6,10344.0,23.300000000000068
2021-01-13,769.72,794.44,762.66,790.9,14906.0,23.299999999999955
2021-01-17,805.03,843.87,798.67,843.87,8375.0,52.97000000000003
2021-01-18,843.87,860.11,840.34,849.52,11285.0,5.649999999999977
2021-01-19,854.46,864.35,824.8,831.86,9172.0,-17.659999999999968
2021-01-20,819.15,847.4,819.15,839.63,6047.0,7.769999999999982
2021-01-21,829.74,922.96,829.74,922.96,11598.0,83.33000000000004
2021-01-24,941.32,1001.34,930.73,1000.64,8815.0,77.67999999999995
2021-01-25,1006.28,1023.23,960.38,988.63,11566.0,-12.009999999999991
2021-01-26,968.86,981.57,948.38,966.03,6507.0,-22.600000000000023
2021-01-27,963.91,1039.47,953.32,999.22,14073.0,33.190000000000055
2021-01-28,1019.0,1098.79,1019.0,1093.85,14840.0,94.62999999999988
2021-01-31,1148.22,1170.82,1052.19,1093.85,19194.0,0.0
2021-02-01,1101.62,1118.57,1035.94,1045.12,18959.0,-48.73000000000002
2021-02-02,1065.6,1129.16,1065.6,1101.62,7425.0,56.5
2021-02-03,1105.15,1119.27,1074.08,1074.08,8610.0,-27.539999999999964
2021-02-04,1078.31,1165.17,1078.31,1143.99,16713.0,69.91000000000008
2021-02-07,1166.58,1258.39,1166.58,1258.39,8649.0,114.40000000000009
2021-02-08,1283.1,1384.08,1176.47,1229.43,10421.0,-28.960000000000036
2021-02-09,1290.87,1290.87,1158.11,1200.48,3252.0,-28.950000000000045
2021-02-10,1235.79,1235.79,1179.3,1200.48,8055.0,0.0
2021-02-11,1223.08,1223.08,1124.21,1133.39,5340.0,-67.08999999999992
2021-02-14,1155.99,1157.4,1072.66,1091.02,6569.0,-42.37000000000012
2021-02-15,1112.21,1199.77,1112.21,1199.77,4468.0,108.75
2021-02-16,1223.08,1264.04,1218.13,1225.2,9737.0,25.430000000000064
2021-02-17,1239.32,1239.32,1189.89,1189.89,5675.0,-35.309999999999945
2021-02-18,1197.66,1199.77,1166.58,1196.24,4052.0,6.349999999999909
2021-02-21,1165.17,1182.83,1158.11,1182.83,2030.0,-13.410000000000082
2021-02-22,1204.01,1204.01,1156.7,1158.11,2431.0,-24.720000000000027
2021-02-23,1135.51,1138.34,1098.09,1138.34,6806.0,-19.769999999999982
2021-02-24,1138.34,1138.34,1074.78,1112.21,9141.0,-26.12999999999988
2021-02-25,1167.29,1167.29,1080.43,1081.84,2906.0,-30.37000000000012
2021-02-28,1062.78,1062.78,1017.58,1023.23,5733.0,-58.6099999999999
2021-03-01,1009.11,1086.79,1009.11,1059.25,3635.0,36.01999999999998
2021-03-02,1052.19,1052.19,1023.94,1027.47,2740.0,-31.779999999999973
2021-03-03,1009.82,1009.82,988.63,994.99,5372.0,-32.48000000000002
2021-03-04,1014.76,1059.95,999.93,1031.0,1871.0,36.00999999999999
2021-03-08,1013.35,1048.65,1013.35,1016.88,1962.0,-14.120000000000005
2021-03-09,1016.88,1016.88,1000.64,1009.82,914.0,-7.059999999999945
2021-03-10,996.4,1006.28,995.69,1006.28,1698.0,-3.5400000000000773
2021-03-14,1006.28,1016.88,995.69,1006.28,2932.0,0.0
2021-03-15,992.16,1016.88,992.16,1003.46,2091.0,-2.8199999999999363
2021-03-16,1022.53,1023.23,992.87,1006.28,1188.0,2.8199999999999363
2021-03-17,999.93,1071.25,999.93,1057.13,2870.0,50.850000000000136
2021-03-18,1036.65,1072.66,1036.65,1069.84,4411.0,12.709999999999809
2021-03-21,1090.32,1148.93,1090.32,1136.22,5941.0,66.38000000000011
2021-03-22,1115.74,1158.11,1112.21,1114.33,5884.0,-21.8900000000001
2021-03-23,1092.44,1131.28,1092.44,1131.28,2636.0,16.950000000000045
2021-03-24,1153.87,1195.54,1146.81,1161.64,7083.0,30.360000000000127
2021-03-25,1168.7,1182.83,1122.1,1122.1,4230.0,-39.54000000000019
2021-03-29,1143.99,1213.9,1143.99,1200.48,10975.0,78.38000000000011
2021-03-30,1214.6,1221.67,1183.53,1212.48,6429.0,12.0
2021-03-31,1235.79,1259.8,1218.84,1218.84,20868.0,6.3599999999999
2021-04-01,1127.04,1171.53,1120.68,1120.68,4128.0,-98.15999999999985
2021-04-04,1142.57,1145.4,1080.43,1101.62,2193.0,-19.060000000000173
2021-04-05,1119.27,1119.27,1087.49,1089.61,2952.0,-12.009999999999991
2021-04-06,1094.56,1125.63,1094.56,1113.62,1644.0,24.00999999999999
2021-04-07,1108.68,1136.93,1105.15,1127.04,4142.0,13.420000000000073
2021-04-08,1143.99,1158.11,1139.04,1157.4,5750.0,30.360000000000127
2021-04-12,1178.59,1219.55,1178.59,1200.48,8524.0,43.07999999999993
2021-04-13,1207.54,1207.54,1176.47,1179.3,4091.0,-21.180000000000064
2021-04-15,1179.3,1189.89,1179.3,1189.18,3446.0,9.88000000000011
2021-04-18,1189.18,1189.18,1144.69,1158.11,4896.0,-31.070000000000164
2021-04-19,1136.93,1180.71,1136.93,1158.11,5725.0,0.0
2021-04-20,1158.11,1158.82,1143.99,1151.05,4226.0,-7.059999999999945
2021-04-21,1208.25,1208.25,1138.34,1154.58,3025.0,3.5299999999999727
2021-04-22,1165.17,1165.17,1134.1,1160.93,1975.0,6.350000000000136
2021-04-25,1179.3,1199.07,1108.68,1126.33,3518.0,-34.600000000000136
2021-04-26,1104.44,1116.45,1083.96,1086.08,3483.0,-40.25
2021-04-27,1091.02,1165.17,1091.02,1141.87,2863.0,55.789999999999964
2021-04-28,1147.52,1163.05,1124.92,1140.46,3460.0,-1.4099999999998545
2021-04-29,1123.51,1153.87,1122.8,1142.57,1287.0,2.1099999999999
2021-05-02,1133.39,1161.64,1133.39,1159.52,4263.0,16.950000000000045
2021-05-03,1168.7,1179.3,1144.69,1144.69,5874.0,-14.829999999999927
2021-05-04,1145.4,1179.3,1145.4,1165.88,7809.0,21.190000000000055
2021-05-05,1188.48,1201.19,1147.52,1193.42,18226.0,27.539999999999964
2021-05-06,1211.07,1211.07,1165.17,1165.17,3375.0,-28.25
2021-05-09,1156.7,1158.82,1149.64,1149.64,1522.0,-15.529999999999973
2021-05-10,1172.23,1172.23,1143.99,1165.17,1350.0,15.529999999999973
2021-05-11,1179.3,1188.48,1179.3,1182.83,5054.0,17.659999999999854
2021-05-12,1198.36,1198.36,1170.82,1186.36,7175.0,3.5299999999999727
2021-05-13,1175.06,1193.42,1172.94,1184.94,2115.0,-1.4199999999998454
2021-05-16,1199.77,1218.13,1199.77,1212.48,19419.0,27.539999999999964
2021-05-17,1236.49,1258.39,1232.26,1235.08,10564.0,22.59999999999991
2021-05-18,1235.08,1271.1,1223.08,1266.86,8754.0,31.779999999999973
2021-05-19,1329.71,1329.71,1226.61,1241.44,8830.0,-25.419999999999845
2021-05-20,1260.5,1260.5,1225.2,1229.43,7773.0,-12.009999999999991
2021-05-23,1290.87,1290.87,1211.07,1230.14,5746.0,0.7100000000000364
2021-05-24,1229.43,1281.69,1229.43,1267.57,21264.0,37.429999999999836
2021-05-25,1267.57,1271.1,1249.91,1259.09,3199.0,-8.480000000000018
2021-05-27,1196.24,1238.61,1179.3,1208.95,11563.0,-50.13999999999987
2021-05-30,1221.67,1239.32,1193.42,1196.95,6469.0,-12.0
2021-05-31,1199.77,1201.19,1187.06,1187.06,6403.0,-9.8900000000001
2021-06-01,1187.06,1200.48,1177.88,1179.3,1809.0,-7.759999999999991
2021-06-02,1179.3,1200.48,1177.88,1200.48,2937.0,21.180000000000064
2021-06-03,1224.49,1246.38,1221.67,1221.67,4609.0,21.190000000000055
2021-06-06,1221.67,1245.67,1221.67,1225.9,4350.0,4.230000000000018
2021-06-07,1228.02,1228.02,1214.6,1214.6,1743.0,-11.300000000000182
2021-06-08,1238.61,1249.91,1194.12,1211.07,3023.0,-3.5299999999999727
2021-06-09,1195.54,1221.67,1194.83,1200.48,1990.0,-10.589999999999918
2021-06-10,1200.48,1220.96,1194.12,1218.13,2311.0,17.65000000000009
2021-06-13,1211.07,1211.07,1176.47,1205.42,3907.0,-12.710000000000036
2021-06-14,1229.43,1229.43,1187.06,1200.48,2070.0,-4.940000000000055
2021-06-15,1223.08,1223.08,1165.17,1188.48,4522.0,-12.0
2021-06-16,1200.48,1288.04,1193.42,1210.37,12180.0,21.889999999999873
2021-06-17,1211.07,1234.38,1182.83,1200.48,7249.0,-9.889999999999873
2021-06-20,1224.49,1224.49,1126.33,1131.28,3379.0,-69.20000000000005
2021-06-21,1153.87,1175.76,1110.8,1126.33,2704.0,-4.9500000000000455
2021-06-22,1148.22,1148.22,1122.8,1143.99,1210.0,17.660000000000082
2021-06-23,1166.58,1166.58,1105.15,1126.33,4339.0,-17.660000000000082
2021-06-24,1105.15,1126.33,1104.44,1126.33,676.0,0.0
2021-06-27,1129.86,1142.57,1117.15,1131.98,1264.0,5.650000000000091
2021-06-28,1150.34,1175.76,1147.52,1148.93,2951.0,16.950000000000045
2021-06-29,1170.12,1192.01,1129.86,1152.46,3284.0,3.5299999999999727
2021-06-30,1129.86,1143.99,1129.86,1143.99,546.0,-8.470000000000027
2021-07-01,1134.81,1151.05,1125.63,1151.05,3533.0,7.059999999999945
2021-07-04,1134.1,1143.28,1121.39,1143.28,3140.0,-7.769999999999982
2021-07-05,1123.51,1147.52,1116.45,1147.52,1207.0,4.240000000000009
2021-07-06,1124.92,1143.99,1103.03,1139.75,475.0,-7.769999999999982
2021-07-07,1143.99,1161.64,1127.75,1133.39,10746.0,-6.3599999999999
2021-07-08,1189.89,1189.89,1143.28,1163.76,1606.0,30.36999999999989
2021-07-11,1163.76,1212.48,1158.82,1206.84,6468.0,43.07999999999993
2021-07-12,1218.13,1242.14,1206.84,1220.25,11746.0,13.410000000000082
2021-07-13,1234.38,1274.63,1234.38,1271.1,10584.0,50.84999999999991
2021-07-14,1246.38,1306.4,1246.38,1300.05,7878.0,28.950000000000045
2021-07-15,1300.05,1334.65,1285.22,1317.0,9554.0,16.950000000000045
2021-07-18,1341.71,1348.77,1317.07,1331.12,6513.0,14.11999999999989
2021-07-19,1341.01,1362.55,1307.11,1325.47,7731.0,-5.649999999999864
2021-07-20,1306.4,1319.12,1264.04,1292.28,4521.0,-33.190000000000055
2021-07-22,1278.86,1295.11,1253.44,1255.56,2539.0,-36.72000000000003
2021-07-25,1247.79,1278.16,1230.49,1278.16,11015.0,22.600000000000136
2021-07-26,1303.72,1380.55,1303.72,1377.02,18479.0,98.8599999999999
2021-07-27,1349.48,1369.96,1297.93,1327.59,10815.0,-49.430000000000064
2021-07-28,1327.59,1380.55,1327.59,1368.48,11305.0,40.8900000000001
2021-07-29,1384.08,1384.08,1341.71,1341.71,11194.0,-26.769999999999982
2021-08-01,1342.42,1345.95,1324.06,1337.48,5160.0,-4.230000000000018
2021-08-02,1352.31,1353.01,1306.4,1336.06,4621.0,-1.4200000000000728
2021-08-03,1360.07,1384.08,1342.42,1361.49,6334.0,25.430000000000064
2021-08-04,1387.61,1388.32,1320.67,1337.48,9154.0,-24.00999999999999
2021-08-05,1311.35,1362.9,1306.4,1319.82,3670.0,-17.660000000000082
2021-08-08,1319.82,1319.82,1245.67,1294.4,1955.0,-25.419999999999845
2021-08-09,1269.05,1369.96,1221.67,1250.76,2955.0,-43.6400000000001
2021-08-10,1228.73,1369.96,1228.73,1320.53,7255.0,69.76999999999998
2021-08-11,1341.71,1346.66,1294.12,1300.05,1125.0,-20.480000000000018
2021-08-12,1300.05,1302.87,1254.15,1254.15,2109.0,-45.899999999999864
2021-08-15,1264.04,1340.3,1264.04,1306.4,9804.0,52.25
2021-08-16,1280.98,1332.53,1257.68,1295.11,3579.0,-11.290000000000191
2021-08-17,1275.33,1292.28,1266.44,1267.57,1270.0,-27.539999999999964
2021-08-18,1249.91,1376.32,1235.79,1376.32,13770.0,108.75
2021-08-19,1403.79,1403.79,1282.82,1299.34,8694.0,-76.98000000000002
2021-08-24,1306.4,1323.35,1264.04,1313.47,642.0,14.13000000000011
2021-08-25,1287.34,1309.94,1239.32,1276.75,1425.0,-36.72000000000003
2021-08-26,1254.85,1270.39,1221.67,1248.5,6422.0,-28.25
2021-08-29,1228.02,1230.14,1204.72,1211.5,2072.0,-37.0
2021-08-31,1187.77,1228.73,1141.16,1228.73,3727.0,17.230000000000018
2021-09-01,1228.73,1277.45,1188.48,1271.1,3254.0,42.36999999999989
2021-09-02,1245.82,1296.45,1200.48,1204.72,3881.0,-66.37999999999988
2021-09-05,1180.64,1221.59,1135.51,1163.69,4047.0,-41.02999999999997
2021-09-06,1142.57,1232.26,1140.53,1232.26,4183.0,68.56999999999994
2021-09-07,1214.6,1214.6,1168.7,1169.41,1241.0,-62.84999999999991
2021-09-08,1147.52,1151.75,1100.77,1128.45,6600.0,-40.960000000000036
2021-09-09,1150.34,1172.94,1106.56,1108.68,2359.0,-19.769999999999982
2021-09-12,1130.85,1172.23,1119.27,1144.69,9090.0,36.00999999999999
2021-09-13,1167.29,1214.39,1121.81,1131.28,2815.0,-13.410000000000082
2021-09-14,1131.28,1133.47,1094.56,1112.21,4914.0,-19.069999999999936
2021-09-15,1112.21,1134.1,1066.31,1095.97,3218.0,-16.24000000000001
2021-09-16,1077.61,1080.43,1038.06,1038.06,5069.0,-57.91000000000008
2021-09-20,1058.54,1093.14,939.91,1039.47,12822.0,1.4100000000000819
2021-09-21,1019.0,1058.54,978.6,1052.19,5578.0,12.720000000000027
2021-09-22,1073.23,1116.45,1052.19,1079.66,2048.0,27.470000000000027
2021-09-23,1080.43,1098.79,1034.53,1053.6,2975.0,-26.060000000000173
2021-09-26,1059.25,1059.25,973.8,1010.52,1442.0,-43.07999999999993
2021-09-27,995.69,995.69,956.85,960.38,628.0,-50.139999999999986
2021-09-28,974.51,974.51,902.48,925.08,2867.0,-35.299999999999955
2021-09-29,943.58,981.36,906.57,932.14,919.0,7.059999999999945
2021-09-30,950.5,988.63,880.59,898.95,3397.0,-33.18999999999994
2021-10-03,914.48,932.14,858.7,910.95,6149.0,12.0
2021-10-04,903.89,946.97,903.89,925.78,1577.0,14.829999999999927
2021-10-05,944.28,1016.88,927.9,971.68,3580.0,45.89999999999998
2021-10-06,991.1,1068.85,985.1,1068.85,6524.0,97.16999999999996
2021-10-10,1090.18,1147.52,1045.12,1055.72,3875.0,-13.129999999999882
2021-10-11,1035.24,1050.07,1007.7,1025.35,3834.0,-30.37000000000012
2021-10-17,1025.35,1047.95,1027.47,1047.95,1072.0,22.600000000000136
2021-10-18,1027.12,1045.12,987.22,988.63,956.0,-59.32000000000005
2021-10-19,970.98,970.98,915.61,960.38,5002.0,-28.25
2021-10-20,979.59,987.92,963.91,986.94,439.0,26.56000000000006
2021-10-21,968.86,1006.28,968.86,985.1,632.0,-1.8400000000000318
2021-10-24,1004.17,1024.22,988.63,995.69,3499.0,10.590000000000032
2021-10-25,1013.35,1031.0,988.63,996.4,2719.0,0.7099999999999227
2021-10-26,1016.31,1031.0,1010.38,1027.61,4526.0,31.209999999999923
2021-10-27,1045.05,1065.6,1023.94,1048.65,4340.0,21.04000000000019
2021-10-28,1068.43,1068.43,1010.52,1062.07,9342.0,13.419999999999845
2021-10-31,1083.26,1104.87,1040.89,1082.41,13467.0,20.340000000000146
2021-11-01,1102.32,1102.32,1050.14,1065.6,3993.0,-16.810000000000173
2021-11-02,1047.31,1070.55,1006.28,1070.55,3147.0,4.9500000000000455
2021-11-03,1090.32,1090.32,1037.71,1059.25,2962.0,-11.299999999999955
2021-11-08,1078.24,1078.24,1040.18,1052.11,1450.0,-7.1400000000001
2021-11-09,1052.11,1052.11,1016.88,1016.88,1265.0,-35.229999999999905
2021-11-11,1006.28,1006.28,982.28,992.87,2063.0,-24.00999999999999
2021-11-14,974.51,995.69,958.97,960.45,2611.0,-32.41999999999996
2021-11-15,979.38,979.38,953.32,969.56,1764.0,9.1099999999999
2021-11-16,967.45,1008.69,967.45,969.56,1530.0,0.0
2021-11-17,987.85,1027.47,982.28,982.28,1537.0,12.720000000000027
2021-11-18,974.51,988.63,966.74,981.57,2030.0,-0.7099999999999227
2021-11-21,988.63,995.69,968.43,969.99,776.0,-11.580000000000041
2021-11-22,971.68,971.68,955.44,961.09,575.0,-8.899999999999977
2021-11-23,961.09,980.02,954.03,955.44,1184.0,-5.649999999999977
2021-11-24,939.91,978.04,939.91,978.04,388.0,22.59999999999991
2021-11-25,960.38,973.1,959.04,973.1,359.0,-4.939999999999941
2021-11-28,953.68,953.68,939.2,939.2,490.0,-33.89999999999998
2021-11-29,939.91,957.98,928.96,928.96,932.0,-10.240000000000009
2021-11-30,928.96,935.67,922.32,935.67,620.0,6.709999999999923
2021-12-01,928.68,928.68,928.61,928.61,352.0,-7.059999999999945
2021-12-02,928.61,928.61,910.25,911.66,810.0,-16.950000000000045
2021-12-05,907.42,948.45,889.77,948.45,895.0,36.79000000000008
2021-12-06,949.79,949.79,913.78,932.77,316.0,-15.680000000000064
2021-12-07,945.55,945.55,945.55,945.55,100.0,12.779999999999973
2021-12-08,927.19,927.19,875.64,875.64,1285.0,-69.90999999999997
2021-12-09,862.93,882.0,847.47,872.11,2691.0,-3.5299999999999727
2021-12-12,857.99,857.99,784.9,784.9,6092.0,-87.21000000000004
2021-12-13,769.23,769.23,724.6,763.36,1390.0,-21.539999999999964
2021-12-14,778.19,820.56,778.19,820.56,230.0,57.19999999999993
2021-12-15,812.8,826.14,761.39,776.78,1307.0,-43.77999999999997
2021-12-16,761.25,761.25,746.13,759.13,1097.0,-17.649999999999977
2021-12-20,766.89,768.24,756.3,756.3,82.0,-2.830000000000041
2021-12-21,756.3,776.78,756.3,769.72,194.0,13.420000000000073
2021-12-22,784.55,831.16,784.55,804.96,1175.0,35.24000000000001
2021-12-23,805.03,833.27,804.32,833.27,717.0,28.309999999999945
2021-12-26,840.34,879.18,833.27,874.23,1509.0,40.960000000000036
2021-12-27,865.05,882.0,843.87,860.74,843.0,-13.490000000000009
2021-12-28,844.64,895.42,844.01,845.99,2269.0,-14.75
2021-12-29,843.87,862.86,833.27,845.99,1465.0,0.0
2022-01-02,862.72,892.59,833.35,892.59,1830.0,46.60000000000002
2022-01-03,903.89,965.96,875.64,916.25,2617.0,23.659999999999968
2022-01-04,898.24,1006.28,880.59,939.2,4139.0,22.950000000000045
2022-01-05,939.2,939.2,902.55,918.01,3299.0,-21.190000000000055
2022-01-06,910.95,955.09,899.65,946.26,1661.0,28.25
2022-01-09,932.14,988.63,930.73,949.09,3843.0,2.830000000000041
2022-01-10,932.84,946.26,932.14,937.08,1222.0,-12.009999999999991
2022-01-11,946.26,1013.35,946.26,987.92,5013.0,50.83999999999992
2022-01-12,1002.05,1002.05,955.44,974.51,4521.0,-13.409999999999968
2022-01-13,974.51,985.1,968.15,980.86,6616.0,6.350000000000023
2022-01-16,980.86,1020.41,992.16,1009.11,7454.0,28.25
2022-01-17,1023.23,1067.02,1019.0,1059.25,8165.0,50.139999999999986
2022-01-18,1076.2,1112.21,1072.73,1087.49,8514.0,28.24000000000001
2022-01-19,1065.74,1094.56,1047.24,1062.07,6391.0,-25.420000000000073
2022-01-20,1056.42,1059.25,1031.0,1045.12,2504.0,-16.950000000000045
2022-01-23,1066.03,1081.84,1059.25,1069.06,4638.0,23.940000000000055
2022-01-24,1047.95,1050.77,1013.35,1013.35,4820.0,-55.70999999999992
2022-01-25,1023.23,1068.43,1023.23,1026.2,2386.0,12.850000000000023
2022-01-26,1006.28,1026.06,988.63,1005.58,4317.0,-20.620000000000005
2022-01-27,1019.7,1057.83,1019.7,1024.65,2230.0,19.07000000000005
2022-01-30,1031.07,1051.48,1026.06,1047.24,3010.0,22.589999999999918
2022-01-31,1068.14,1073.37,1048.65,1058.54,7014.0,11.299999999999955
2022-02-01,1045.12,1059.25,1038.77,1048.65,1069.0,-9.889999999999873
2022-02-03,1059.25,1059.25,1027.47,1030.37,2398.0,-18.2800000000002
2022-02-06,1031.0,1031.0,1009.82,1026.76,3664.0,-3.6099999999999
2022-02-07,1009.96,1023.94,1009.96,1023.94,844.0,-2.8199999999999363
2022-02-08,1037.36,1037.36,1006.99,1006.99,3379.0,-16.950000000000045
2022-02-09,1009.82,1009.82,980.86,1000.42,4512.0,-6.57000000000005
2022-02-10,990.04,1005.58,989.34,989.34,3560.0,-11.079999999999927
2022-02-13,969.56,971.68,953.32,967.45,1884.0,-21.889999999999986
2022-02-14,957.56,992.16,957.56,974.58,2507.0,7.1299999999999955
2022-02-15,974.58,993.43,974.58,993.43,192.0,18.84999999999991
2022-02-16,1013.28,1013.28,975.28,990.75,1361.0,-2.67999999999995
2022-02-17,993.57,993.57,974.51,988.63,323.0,-2.1200000000000045
2022-02-20,971.12,981.57,963.91,981.57,600.0,-7.059999999999945
2022-02-21,964.06,985.1,963.99,981.57,641.0,0.0
2022-02-22,982.28,988.63,970.98,978.04,840.0,-3.5300000000000864
2022-02-23,997.6,1016.17,981.57,987.92,5015.0,9.879999999999995
2022-02-24,975.21,980.86,934.26,934.26,1464.0,-53.65999999999997
2022-02-27,939.2,960.38,939.2,944.85,881.0,10.590000000000032
2022-02-28,960.38,963.7,915.19,915.97,1553.0,-28.879999999999995
2022-03-02,918.01,918.01,890.54,896.83,754.0,-19.139999999999986
2022-03-06,903.89,918.01,903.18,910.81,999.0,13.979999999999905
2022-03-07,928.61,928.96,896.83,903.89,903.0,-6.919999999999959
2022-03-09,921.55,931.43,894.92,909.54,1616.0,5.649999999999977
2022-03-10,909.54,925.15,894.71,925.15,3269.0,15.610000000000014
2022-03-13,925.78,974.51,921.55,972.88,3970.0,47.73000000000002
2022-03-14,973.1,973.1,957.56,971.68,560.0,-1.2000000000000455
2022-03-15,953.39,964.62,937.86,960.38,1170.0,-11.299999999999955
2022-03-16,953.32,953.32,942.02,946.26,1902.0,-14.120000000000005
2022-03-20,946.97,946.97,936.37,944.85,683.0,-1.4099999999999682
2022-03-21,942.73,956.15,935.81,946.26,582.0,1.4099999999999682
2022-03-22,949.79,963.91,946.26,961.09,1624.0,14.830000000000041
2022-03-23,947.18,954.03,942.73,946.26,622.0,-14.830000000000041
2022-03-24,937.15,954.73,937.15,948.38,390.0,2.1200000000000045
2022-03-27,963.84,963.91,935.67,935.67,1502.0,-12.710000000000036
2022-03-28,952.62,953.18,928.61,935.67,418.0,0.0
2022-03-29,918.72,946.26,918.72,946.26,421.0,10.590000000000032
2022-03-30,935.67,946.26,928.61,944.14,416.0,-2.1200000000000045
2022-03-31,946.26,946.97,928.68,932.14,1298.0,-12.0
2022-04-03,932.14,933.55,920.84,925.08,707.0,-7.059999999999945
2022-04-04,920.13,922.96,908.83,908.83,1692.0,-16.25
2022-04-05,921.55,926.49,899.65,902.62,7342.0,-6.210000000000036
2022-04-06,884.62,884.62,849.92,867.23,2077.0,-35.389999999999986
2022-04-07,857.14,882.35,857.14,869.75,1852.0,2.519999999999982
2022-04-11,874.79,874.79,840.34,842.44,1325.0,-27.309999999999945
2022-04-12,840.34,840.34,815.13,839.5,912.0,-2.9400000000000546
2022-04-13,823.53,823.53,819.33,823.53,610.0,-15.970000000000027
2022-04-17,825.21,825.21,778.99,778.99,2335.0,-44.539999999999964
2022-04-18,766.47,781.51,766.39,773.11,1583.0,-5.8799999999999955
2022-04-19,780.67,802.52,780.67,802.52,805.0,29.409999999999968
2022-04-20,802.52,802.52,777.31,778.99,1169.0,-23.529999999999973
2022-04-21,766.39,793.28,765.55,793.28,461.0,14.289999999999964
2022-04-24,802.52,827.73,786.55,815.13,1553.0,21.850000000000023
2022-04-25,801.68,802.52,798.32,798.32,731.0,-16.809999999999945
2022-04-26,802.52,811.76,802.52,811.76,32.0,13.43999999999994
2022-04-27,795.8,826.05,780.92,825.21,750.0,13.450000000000045
2022-04-28,825.21,825.21,806.72,821.01,492.0,-4.2000000000000455
2022-05-02,805.04,805.04,789.92,789.92,324.0,-31.090000000000032
2022-05-04,781.51,785.71,764.79,785.71,637.0,-4.209999999999923
2022-05-05,770.59,770.59,762.18,768.91,401.0,-16.800000000000068
2022-05-08,768.91,782.35,757.14,782.35,376.0,13.440000000000055
2022-05-09,785.71,789.92,777.31,789.75,1387.0,7.399999999999977
2022-05-10,791.6,791.6,774.79,791.6,900.0,1.8500000000000227
2022-05-11,805.88,814.2,794.12,814.2,925.0,22.600000000000023
2022-05-12,823.53,823.53,767.23,786.55,1740.0,-27.65000000000009
2022-05-17,770.84,777.31,761.43,764.71,1870.0,-21.839999999999918
2022-05-18,751.26,778.99,749.41,778.99,1160.0,14.279999999999973
2022-05-19,778.99,781.51,778.99,781.51,20.0,2.519999999999982
2022-05-20,781.51,781.51,756.3,756.3,1200.0,-25.210000000000036
2022-05-23,756.3,756.3,741.18,741.18,1693.0,-15.120000000000005
2022-05-24,727.73,755.46,726.39,754.54,333.0,13.360000000000014
2022-05-25,753.78,762.86,747.9,762.86,530.0,8.32000000000005
2022-05-26,764.71,777.98,757.23,777.98,1284.0,15.120000000000005
2022-05-27,762.44,762.44,747.48,761.34,320.0,-16.639999999999986
2022-05-30,761.34,761.34,761.34,761.34,10.0,0.0
2022-05-31,746.22,746.22,731.93,731.93,938.0,-29.410000000000082
2022-06-01,722.69,729.41,713.45,727.65,851.0,-4.279999999999973
2022-06-02,735.29,735.29,709.24,711.6,215.0,-16.049999999999955
2022-06-03,711.6,711.6,711.6,711.6,3.0,0.0
2022-06-06,710.92,722.69,710.92,722.69,121.0,11.090000000000032
2022-06-07,710.17,730.25,696.64,702.52,180.0,-20.170000000000073
2022-06-08,714.2,728.49,714.2,714.79,466.0,12.269999999999982
2022-06-09,705.88,743.61,705.88,734.45,640.0,19.660000000000082
2022-06-10,731.01,731.01,716.47,728.57,315.0,-5.8799999999999955
2022-06-13,715.13,731.09,715.13,731.09,39.0,2.519999999999982
2022-06-14,716.47,728.57,689.5,722.69,1945.0,-8.399999999999977
2022-06-15,721.01,721.01,721.01,721.01,7220.0,-1.6800000000000637
2022-06-16,706.64,718.49,697.48,718.49,335.0,-2.519999999999982
2022-06-17,718.49,718.49,717.65,717.65,300.0,-0.8400000000000318
2022-06-19,705.88,705.88,689.5,689.5,377.0,-28.149999999999977
2022-06-20,676.47,676.72,663.87,665.55,550.0,-23.950000000000045
2022-06-21,677.31,677.31,663.87,676.47,470.0,10.920000000000073
2022-06-22,690.0,690.0,649.83,662.77,248.0,-13.700000000000045
2022-06-23,650.5,650.5,650.42,650.42,180.0,-12.350000000000023
2022-06-24,638.66,651.26,637.82,647.06,899.0,-3.3600000000000136
2022-06-26,660.0,686.64,660.0,684.87,611.0,37.81000000000006
2022-06-27,673.11,696.64,659.66,683.95,2332.0,-0.9199999999999591
2022-06-28,670.34,678.99,668.07,678.99,249.0,-4.960000000000036
2022-06-29,692.35,699.16,678.99,698.32,1906.0,19.33000000000004
2022-06-30,710.0,750.42,697.65,744.54,1323.0,46.219999999999914
2022-07-01,757.14,771.43,729.66,764.71,395.0,20.170000000000073
2022-07-03,772.27,772.27,747.06,768.91,2618.0,4.199999999999932
2022-07-04,784.03,798.32,753.78,786.55,920.0,17.639999999999986
2022-07-05,770.84,770.84,739.5,753.78,1188.0,-32.76999999999998
2022-07-06,738.74,759.58,737.9,759.58,877.0,5.800000000000068
2022-07-07,744.54,745.71,729.41,729.41,1195.0,-30.170000000000073
2022-07-08,716.81,722.69,709.33,722.69,723.0,-6.719999999999914
2022-07-12,708.24,720.17,689.08,689.08,1880.0,-33.610000000000014
2022-07-13,702.52,706.72,693.28,706.72,402.0,17.639999999999986
2022-07-14,718.49,720.17,697.48,697.48,421.0,-9.240000000000009
2022-07-15,710.08,711.34,710.08,711.34,30.0,13.860000000000014
2022-07-17,714.29,742.86,700.92,742.86,1159.0,31.519999999999982
2022-07-18,728.57,742.86,728.57,742.86,586.0,0.0
2022-07-19,757.65,761.26,742.86,761.26,1126.0,18.399999999999977
2022-07-20,761.34,764.71,747.06,747.9,1468.0,-13.360000000000014
2022-07-21,747.9,747.9,739.5,741.6,173.0,-6.2999999999999545
2022-07-22,726.89,771.34,726.89,771.34,1553.0,29.74000000000001
2022-07-24,756.3,798.32,728.74,797.48,4487.0,26.139999999999986
2022-07-25,806.72,822.69,789.92,817.65,3693.0,20.16999999999996
2022-07-26,801.34,810.08,782.35,810.08,2398.0,-7.569999999999936
2022-07-27,793.95,817.65,778.15,815.13,2310.0,5.0499999999999545
2022-07-28,800.84,865.55,800.84,838.57,2538.0,23.440000000000055
2022-07-29,840.34,840.34,819.24,835.29,769.0,-3.2800000000000864
2022-07-31,831.93,840.25,822.77,825.21,2289.0,-10.079999999999927
2022-08-01,809.33,865.55,809.33,847.06,6151.0,21.84999999999991
2022-08-02,830.25,846.22,819.33,839.5,896.0,-7.559999999999945
2022-08-03,855.46,855.46,823.53,840.34,1371.0,0.8400000000000318
2022-08-04,857.14,857.14,798.32,818.4,2542.0,-21.940000000000055
2022-08-05,820.17,820.17,789.92,796.64,1213.0,-21.75999999999999
2022-08-07,781.6,781.6,764.71,768.91,2992.0,-27.730000000000018
2022-08-08,758.82,772.27,758.82,759.66,2526.0,-9.25
2022-08-09,748.74,763.87,721.01,746.22,1339.0,-13.43999999999994
2022-08-10,733.61,745.38,729.5,731.18,1123.0,-15.040000000000077
2022-08-11,722.69,745.38,706.72,718.49,1508.0,-12.68999999999994
2022-08-14,718.49,718.57,697.56,697.56,364.0,-20.930000000000064
2022-08-15,710.92,752.94,683.61,709.24,1784.0,11.680000000000064
2022-08-16,723.36,723.36,697.65,707.48,1363.0,-1.759999999999991
2022-08-17,701.68,718.49,694.12,718.49,497.0,11.009999999999991
2022-08-18,732.69,732.69,709.24,721.85,550.0,3.3600000000000136
2022-08-21,710.25,730.25,707.48,708.49,2013.0,-13.360000000000014
2022-08-22,701.68,708.4,681.09,704.2,1436.0,-4.289999999999964
2022-08-23,705.88,719.92,697.48,719.92,2761.0,15.719999999999914
2022-08-24,719.92,719.92,705.88,714.29,787.0,-5.6299999999999955
2022-08-25,714.29,723.36,689.08,694.12,1945.0,-20.16999999999996
2022-08-26,707.56,733.61,679.08,679.08,1245.0,-15.039999999999964
2022-08-28,668.15,678.15,647.06,668.57,6188.0,-10.509999999999991
2022-08-29,668.07,679.83,666.55,678.91,1205.0,10.339999999999918
2022-08-30,689.08,689.92,676.13,687.39,292.0,8.480000000000018
2022-08-31,675.63,675.63,663.87,663.87,573.0,-23.519999999999982
2022-09-01,659.75,670.59,659.75,663.03,1078.0,-0.8400000000000318
2022-09-04,663.03,671.43,656.3,668.82,236.0,5.790000000000077
2022-09-05,667.98,667.98,658.82,663.87,479.0,-4.9500000000000455
2022-09-06,659.66,659.66,651.26,651.26,1292.0,-12.610000000000014
2022-09-07,663.87,663.87,652.1,658.74,183.0,7.480000000000018
2022-09-08,663.03,665.97,659.66,659.66,102.0,0.9199999999999591
2022-09-11,663.03,663.03,647.06,647.06,514.0,-12.600000000000023
2022-09-12,651.26,651.26,642.02,643.7,917.0,-3.3599999999999
2022-09-13,656.3,661.26,626.05,657.14,2922.0,13.43999999999994
2022-09-14,658.07,682.35,658.07,676.39,1221.0,19.25
2022-09-15,681.51,681.51,647.06,647.06,3601.0,-29.33000000000004
2022-09-16,642.86,657.14,637.82,638.66,390.0,-8.399999999999977
2022-09-18,638.66,650.42,625.88,641.18,1240.0,2.519999999999982
2022-09-20,629.41,637.82,605.04,625.21,2936.0,-15.969999999999914
2022-09-21,617.65,636.13,613.45,636.13,131.0,10.919999999999959
2022-09-22,626.05,626.05,605.88,612.52,210.0,-23.610000000000014
2022-09-25,600.84,608.4,593.61,608.4,1005.0,-4.1200000000000045
2022-09-27,596.3,625.04,596.3,625.04,125.0,16.639999999999986
2022-09-28,624.37,626.05,624.37,626.05,65.0,1.009999999999991
2022-09-29,629.41,629.41,614.45,626.89,226.0,0.8400000000000318
2022-10-09,630.25,639.41,630.25,639.41,559.0,12.519999999999982
2022-10-10,627.73,640.34,627.73,636.13,353.0,-3.2799999999999727
2022-10-11,623.53,623.53,623.45,623.45,47.0,-12.67999999999995
2022-10-12,630.25,635.29,630.25,635.29,100.0,11.839999999999918
2022-10-13,624.37,637.82,617.65,637.82,596.0,2.5300000000000864
2022-10-16,625.29,630.25,614.29,630.25,227.0,-7.57000000000005
2022-10-17,617.65,617.65,617.65,617.65,64.0,-12.600000000000023
2022-10-20,605.88,621.85,605.29,605.29,2199.0,-12.360000000000014
2022-10-23,611.76,613.45,600.42,613.45,330.0,8.160000000000082
2022-10-31,601.76,601.76,601.76,601.76,10.0,-11.690000000000055
2022-11-01,613.45,633.53,611.09,633.53,230.0,31.769999999999982
2022-11-02,623.7,633.61,622.69,633.61,637.0,0.08000000000004093
2022-11-03,634.45,634.45,617.65,622.69,308.0,-10.919999999999959
2022-11-06,634.45,647.06,634.12,646.13,1603.0,23.43999999999994
2022-11-07,638.66,671.43,636.97,655.46,1915.0,9.330000000000041
2022-11-08,655.46,662.18,642.35,661.34,547.0,5.8799999999999955
2022-11-09,648.15,658.82,622.69,622.69,240.0,-38.64999999999998
2022-11-10,613.53,621.85,613.45,615.97,500.0,-6.720000000000027
2022-11-13,603.78,610.92,599.16,599.16,981.0,-16.81000000000006
2022-11-14,610.84,610.92,589.92,592.61,478.0,-6.5499999999999545
2022-11-15,591.68,614.29,591.6,593.28,395.0,0.6699999999999591
2022-11-16,605.13,612.18,593.36,600.5,165.0,7.220000000000027
2022-11-17,602.61,616.72,599.5,609.24,466.0,8.740000000000009
2022-11-22,620.59,620.59,598.4,600.84,300.0,-8.399999999999977
2022-11-23,612.52,612.61,612.52,612.61,220.0,11.769999999999982
2022-11-24,601.26,617.56,601.26,617.56,79.0,4.949999999999932
2022-11-27,607.65,640.34,606.97,640.34,392.0,22.780000000000086
2022-11-28,627.56,642.02,615.97,632.02,683.0,-8.32000000000005
2022-11-29,619.41,641.18,619.33,639.5,1130.0,7.480000000000018
2022-11-30,647.06,647.06,621.85,639.92,2398.0,0.4199999999999591
2022-12-01,641.93,642.02,638.66,640.34,330.0,0.42000000000007276
2022-12-04,627.56,639.5,618.49,634.45,277.0,-5.889999999999986
2022-12-05,622.77,638.66,622.77,638.57,253.0,4.1200000000000045
2022-12-06,638.66,638.66,638.66,638.66,10.0,0.08999999999991815
2022-12-07,626.05,630.34,626.05,630.25,236.0,-8.409999999999968
2022-12-11,626.05,626.05,605.88,609.24,443.0,-21.00999999999999
2022-12-12,621.01,642.86,617.48,628.15,315.0,18.909999999999968
2022-12-13,636.89,638.66,626.05,627.73,746.0,-0.4199999999999591
2022-12-14,618.49,639.41,618.49,639.41,105.0,11.67999999999995
2022-12-15,626.89,626.89,617.65,626.89,77.0,-12.519999999999982
2022-12-18,615.13,639.41,603.36,639.41,1359.0,12.519999999999982
2022-12-19,647.06,647.06,630.25,636.97,209.0,-2.439999999999941
2022-12-20,649.58,649.58,626.05,641.18,305.0,4.209999999999923
2022-12-21,628.57,649.58,615.88,649.58,435.0,8.400000000000091
2022-12-22,636.64,637.82,611.76,637.82,902.0,-11.759999999999991
2022-12-26,625.21,647.06,625.21,642.02,1069.0,4.199999999999932
2022-12-27,654.62,654.62,638.66,650.42,2262.0,8.399999999999977
2022-12-28,663.03,663.87,637.48,651.26,992.0,0.8400000000000318
2022-12-29,655.38,683.11,648.66,683.11,3353.0,31.850000000000023
2023-01-01,680.67,689.92,656.39,672.27,3190.0,-10.840000000000032
2023-01-02,658.82,679.83,657.14,669.75,655.0,-2.519999999999982
2023-01-03,672.27,713.45,672.27,702.52,4497.0,32.76999999999998
2023-01-04,702.52,771.43,690.76,770.59,8278.0,68.07000000000005
2023-01-05,785.71,786.55,743.7,766.39,3202.0,-4.2000000000000455
2023-01-08,770.59,781.51,747.9,773.11,5978.0,6.720000000000027
2023-01-09,788.57,794.12,764.79,768.91,4390.0,-4.2000000000000455
2023-01-10,773.11,781.51,735.46,747.9,6358.0,-21.00999999999999
2023-01-12,762.18,778.07,756.3,771.43,4809.0,23.529999999999973
2023-01-17,786.81,802.52,780.67,789.92,11326.0,18.49000000000001
2023-01-18,790.76,821.85,790.76,798.32,3452.0,8.400000000000091
2023-01-19,794.12,805.04,790.76,798.32,1611.0,0.0
2023-01-23,797.48,797.48,785.71,795.71,283.0,-2.6100000000000136
2023-01-24,779.83,810.92,775.63,810.92,2689.0,15.209999999999923
2023-01-25,795.8,806.72,794.96,802.52,1703.0,-8.399999999999977
2023-01-26,811.76,811.76,786.47,786.47,921.0,-16.049999999999955
2023-01-29,773.95,797.14,773.95,777.31,466.0,-9.160000000000082
2023-01-30,773.11,777.39,767.23,767.23,1426.0,-10.079999999999927
2023-01-31,762.18,767.23,752.1,752.1,708.0,-15.129999999999995
2023-02-01,744.62,763.87,744.62,763.87,907.0,11.769999999999982
2023-02-02,749.58,756.3,749.58,752.1,315.0,-11.769999999999982
2023-02-05,744.54,766.39,744.54,744.54,452.0,-7.560000000000059
2023-02-06,744.54,744.54,737.98,737.98,389.0,-6.559999999999945
2023-02-07,725.21,772.27,725.21,769.75,1082.0,31.769999999999982
2023-02-08,773.11,784.03,756.3,757.31,1909.0,-12.440000000000055
2023-02-09,756.3,781.01,756.3,779.83,369.0,22.520000000000095
2023-02-12,764.71,764.71,753.11,753.78,624.0,-26.050000000000068
2023-02-14,756.3,756.3,743.7,743.78,550.0,-10.0
2023-02-16,747.06,747.9,722.69,722.69,403.0,-21.089999999999918
2023-02-20,736.97,736.97,719.33,719.33,453.0,-3.3600000000000136
2023-02-22,722.69,722.69,711.85,714.29,589.0,-5.040000000000077
2023-02-23,700.0,700.0,642.86,642.86,9191.0,-71.42999999999995
2023-02-26,630.0,668.57,606.72,668.57,1109.0,25.710000000000036
2023-02-27,681.51,681.51,644.96,668.07,1022.0,-0.5
2023-02-28,655.46,660.08,643.78,660.08,244.0,-7.990000000000009
2023-03-01,651.26,651.26,649.58,649.58,829.0,-10.5
2023-03-02,636.97,640.34,636.72,636.72,615.0,-12.860000000000014
2023-03-05,624.37,624.37,614.45,621.85,799.0,-14.870000000000005
2023-03-07,623.53,623.53,613.45,613.45,125.0,-8.399999999999977
2023-03-09,621.85,629.41,618.49,618.49,90.0,5.039999999999964
2023-03-12,610.08,629.24,610.08,620.25,370.0,1.759999999999991
2023-03-13,614.29,619.33,607.9,619.33,816.0,-0.9199999999999591
2023-03-14,610.08,617.65,605.04,605.04,2106.0,-14.290000000000077
2023-03-15,605.04,605.04,594.12,597.56,703.0,-7.480000000000018
2023-03-16,589.92,592.44,568.07,568.91,5286.0,-28.649999999999977
2023-03-19,569.75,578.15,568.91,569.83,699.0,0.9200000000000728
2023-03-20,581.18,607.48,581.18,605.04,4335.0,35.20999999999992
2023-03-22,606.72,617.65,595.04,604.2,1941.0,-0.8399999999999181
2023-03-23,603.36,605.04,597.48,600.84,605.0,-3.3600000000000136
2023-03-26,592.52,592.52,589.08,589.08,1164.0,-11.759999999999991
2023-03-27,577.31,605.04,577.31,605.04,1684.0,15.959999999999923
2023-03-28,615.13,638.66,613.36,626.89,8068.0,21.850000000000023
2023-03-29,616.1,646.9,614.5,633.0,2258.0,6.110000000000014
2023-03-30,635.1,645.0,633.0,633.0,1527.0,0.0
2023-04-02,633.0,645.0,619.5,619.5,2674.0,-13.5
2023-04-03,619.5,622.0,607.2,615.0,1391.0,-4.5
2023-04-04,615.0,627.0,615.0,616.0,1535.0,1.0
2023-04-05,620.0,620.0,615.0,615.0,207.0,-1.0
2023-04-06,627.3,639.8,605.0,606.5,103.0,-8.5
2023-04-09,594.4,594.4,590.0,590.0,1000.0,-16.5
2023-04-10,590.0,590.0,585.5,585.5,20.0,-4.5
2023-04-11,585.5,608.9,585.5,608.9,49.0,23.399999999999977
2023-04-12,621.0,655.0,610.0,654.0,853.0,45.10000000000002
2023-04-13,654.0,665.0,621.0,625.1,601.0,-28.899999999999977
2023-04-16,615.0,617.0,605.0,617.0,280.0,-8.100000000000023
2023-04-17,620.0,622.0,607.0,607.0,190.0,-10.0
2023-04-18,602.0,610.0,602.0,610.0,270.0,3.0
2023-04-19,622.2,622.2,615.0,615.0,20.0,5.0
2023-04-20,608.0,608.0,605.0,605.0,84.0,-10.0
2023-04-23,600.1,600.1,581.2,585.0,250.0,-20.0
2023-04-24,577.3,596.0,577.3,596.0,224.0,11.0
2023-04-25,596.0,596.0,596.0,596.0,120.0,0.0
2023-04-26,586.1,587.1,584.1,587.1,867.0,-8.899999999999977
2023-04-27,586.0,598.0,576.5,598.0,695.0,10.899999999999977
2023-04-30,586.1,586.1,586.1,586.1,80.0,-11.899999999999977
2023-05-02,575.0,575.0,563.0,563.0,198.0,-23.100000000000023
2023-05-03,565.0,565.0,565.0,565.0,59.0,2.0
2023-05-04,554.0,572.2,554.0,561.0,390.0,-4.0
2023-05-08,550.1,550.1,550.1,550.1,17.0,-10.899999999999977
2023-05-09,560.0,570.0,560.0,567.0,70.0,16.899999999999977
2023-05-10,566.0,566.0,550.0,561.0,320.0,-6.0
2023-05-11,550.0,550.0,548.0,548.0,30.0,-13.0
2023-05-14,546.0,546.0,535.2,535.2,511.0,-12.799999999999955
2023-05-15,526.4,556.9,526.4,556.9,526.0,21.699999999999932
2023-05-16,547.0,557.0,545.8,557.0,340.0,0.10000000000002274
2023-05-17,568.1,568.1,550.2,550.2,440.0,-6.7999999999999545
2023-05-18,561.2,594.6,556.0,582.8,1453.0,32.59999999999991
2023-05-21,580.0,594.0,580.0,594.0,20.0,11.200000000000045
2023-05-22,582.2,582.2,572.2,572.2,50.0,-21.799999999999955
2023-05-23,583.6,603.0,583.6,603.0,445.0,30.799999999999955
2023-05-24,612.0,633.0,605.0,633.0,1098.0,30.0
2023-05-28,644.0,645.0,602.0,602.0,655.0,-31.0
2023-05-30,590.0,602.0,580.0,590.0,400.0,-12.0
2023-05-31,583.0,589.0,583.0,586.1,199.0,-3.8999999999999773
2023-06-01,597.5,597.5,576.0,576.0,1200.0,-10.100000000000023
2023-06-04,587.5,619.9,587.5,619.9,366.0,43.89999999999998
2023-06-05,619.0,619.0,607.0,618.0,534.0,-1.8999999999999773
2023-06-06,618.0,620.0,618.0,620.0,392.0,2.0
2023-06-07,620.2,630.0,620.0,630.0,367.0,10.0
2023-06-08,630.0,630.0,618.0,630.0,634.0,0.0
2023-06-11,630.0,639.0,620.1,639.0,495.0,9.0
2023-06-12,635.0,643.0,635.0,642.0,1543.0,3.0
2023-06-13,640.0,678.3,640.0,678.3,1491.0,36.299999999999955
2023-06-14,678.7,692.2,651.9,673.0,1320.0,-5.2999999999999545
2023-06-15,659.6,673.0,647.0,670.0,219.0,-3.0
2023-06-18,670.0,708.9,657.0,708.9,1145.0,38.89999999999998
2023-06-19,708.9,708.9,668.0,668.0,1235.0,-40.89999999999998
2023-06-20,681.0,706.8,667.2,667.2,1307.0,-0.7999999999999545
2023-06-21,654.0,680.3,635.4,680.3,2710.0,13.099999999999909
2023-06-22,680.3,680.3,666.7,672.9,248.0,-7.399999999999977
2023-06-25,660.0,685.8,650.0,653.0,2560.0,-19.899999999999977
2023-06-26,666.0,679.3,658.1,679.3,1842.0,26.299999999999955
2023-06-27,679.3,737.0,679.3,734.0,5227.0,54.700000000000045
2023-06-28,748.6,753.0,690.0,728.0,4060.0,-6.0
2023-07-02,714.0,719.0,681.0,681.0,2898.0,-47.0
2023-07-03,681.0,684.0,658.0,660.0,1866.0,-21.0
2023-07-04,673.0,673.0,659.6,672.5,695.0,12.5
2023-07-05,663.5,663.5,638.0,638.0,438.0,-34.5
2023-07-06,633.0,639.0,630.0,630.0,93.0,-8.0
2023-07-09,642.6,655.0,642.0,650.0,217.0,20.0
2023-07-10,650.0,670.0,650.0,662.1,662.0,12.100000000000023
2023-07-11,672.0,680.0,649.8,668.0,1444.0,5.899999999999977
2023-07-12,657.0,690.0,655.0,689.0,3259.0,21.0
2023-07-13,701.9,701.9,677.0,693.5,588.0,4.5
